N,E,RL,Section No,pointno
2646758.08,715590.95,2.76,1,P1
2646757.76,715591.38,2.98,1,P2
2646757.45,715591.79,3.1,1,P3
2646757.14,715592.22,3.2,1,P4
2646756.78,715592.63,3.27,1,P5
2646756.4,715593.07,3.34,1,P6
2646755.99,715593.55,3.43,1,P7
2646755.56,715594.01,3.62,1,P8
2646755.09,715594.53,3.8,1,P9
2646754.64,715595.02,3.99,1,P10
2646754.17,715595.58,4.18,1,P11
2646753.69,715596.16,4.4,1,P12
2646753.23,715596.79,4.63,1,P13
2646752.78,715597.46,4.91,1,P14
2646752.32,715598.2,5.19,1,P15
2646751.87,715598.99,5.45,1,P16
2646751.44,715599.86,5.7,1,P17
2646751.07,715600.77,5.9,1,P18
2646750.75,715601.76,6.09,1,P19
2646750.47,715602.79,6.27,1,P20
2646750.27,715603.88,6.42,1,P21
2646750.16,715605.02,6.47,1,P22
2646750.08,715606.17,6.43,1,P23
2646750.09,715607.38,6.33,1,P24
2646750.17,715608.61,6.16,1,P25
2646750.33,715609.86,5.99,1,P26
2646750.52,715611.13,5.85,1,P27
2646750.76,715612.38,5.71,1,P28
2646750.96,715613.6,5.59,1,P29
2646751.15,715614.75,5.46,1,P30
2646751.33,715615.87,5.33,1,P31
2646751.52,715617.01,5.19,1,P32
2646751.69,715618.18,5.12,1,P33
2646751.87,715619.34,5.08,1,P34
2646752.03,715620.53,5.04,1,P35
2646752.18,715621.71,4.97,1,P36
2646752.32,715622.9,4.9,1,P37
2646752.41,715624.06,4.79,1,P38
2646752.51,715625.23,4.66,1,P39
2646752.59,715626.4,4.52,1,P40
2646752.66,715627.57,4.39,1,P41
2646752.72,715628.73,4.28,1,P42
2646752.77,715629.89,4.18,1,P43
2646752.84,715631.03,4.09,1,P44
2646752.84,715632.14,4.02,1,P45
2646752.87,715633.28,3.96,1,P46
2646752.9,715634.44,3.92,1,P47
2646752.9,715635.59,3.89,1,P48
2646752.92,715636.74,3.88,1,P49
2646752.9,715637.88,3.87,1,P50
2646752.89,715639.01,3.85,1,P51
2646752.86,715640.12,3.78,1,P52
2646752.83,715641.24,3.7,1,P53
2646752.78,715642.35,3.6,1,P54
2646752.73,715643.46,3.49,1,P55
2646752.65,715644.55,3.36,1,P56
2646752.58,715645.65,3.24,1,P57
2646752.49,715646.75,3.1,1,P58
2646752.4,715647.83,2.96,1,P59
2646752.31,715648.91,2.81,1,P60
2646752.22,715650.02,2.66,1,P61
2646752.13,715651.11,2.52,1,P62
2646752.06,715652.19,2.4,1,P63
2646751.98,715653.27,2.29,1,P64
2646751.91,715654.36,2.18,1,P65
2646751.82,715655.41,2.08,1,P66
2646751.76,715656.49,1.98,1,P67
2646751.71,715657.57,1.89,1,P68
2646751.65,715658.64,1.8,1,P69
2646751.6,715659.71,1.73,1,P70
2646751.57,715660.77,1.68,1,P71
2646751.56,715661.83,1.64,1,P72
2646751.54,715662.89,1.6,1,P73
2646751.56,715663.93,1.57,1,P74
2646751.57,715664.97,1.56,1,P75
2646751.61,715665.99,1.55,1,P76
2646751.65,715667,1.54,1,P77
2646751.72,715668.01,1.54,1,P78
2646751.8,715669,1.54,1,P79
2646751.94,715669.95,1.53,1,P80
2646752.16,715670.84,1.53,1,P81
2646759.96,715674.88,0.96,2,P82
2646760.21,715674.51,1.19,2,P83
2646760.45,715674.11,1.24,2,P84
2646760.69,715673.7,1.27,2,P85
2646760.93,715673.27,1.3,2,P86
2646761.14,715672.82,1.37,2,P87
2646761.37,715672.37,1.4,2,P88
2646761.62,715671.91,1.54,2,P89
2646761.87,715671.44,1.68,2,P90
2646762.07,715670.93,1.7,2,P91
2646762.26,715670.41,1.76,2,P92
2646762.43,715669.89,1.78,2,P93
2646762.59,715669.36,1.79,2,P94
2646762.74,715668.83,1.8,2,P95
2646762.89,715668.27,1.81,2,P96
2646763.04,715667.69,1.85,2,P97
2646763.19,715667.11,1.83,2,P98
2646763.34,715666.48,1.85,2,P99
2646763.5,715665.85,1.85,2,P100
2646763.66,715665.18,1.91,2,P101
2646763.82,715664.49,1.93,2,P102
2646764,715663.77,1.98,2,P103
2646764.15,715663.03,1.95,2,P104
2646764.3,715662.26,1.94,2,P105
2646764.43,715661.45,1.94,2,P106
2646764.55,715660.62,1.95,2,P107
2646764.66,715659.76,1.93,2,P108
2646764.75,715658.87,1.95,2,P109
2646764.8,715657.96,1.99,2,P110
2646764.84,715657.02,2.06,2,P111
2646764.86,715656.06,2.12,2,P112
2646764.88,715655.09,2.21,2,P113
2646764.87,715654.13,2.25,2,P114
2646764.87,715653.15,2.41,2,P115
2646764.86,715652.16,2.56,2,P116
2646764.84,715651.12,2.72,2,P117
2646764.82,715650.06,2.87,2,P118
2646764.79,715648.98,3.03,2,P119
2646764.76,715647.87,3.19,2,P120
2646764.72,715646.77,3.32,2,P121
2646764.67,715645.67,3.43,2,P122
2646764.61,715644.53,3.53,2,P123
2646764.54,715643.37,3.64,2,P124
2646764.49,715642.2,3.74,2,P125
2646764.42,715641.01,3.85,2,P126
2646764.34,715639.82,3.95,2,P127
2646764.26,715638.62,4.06,2,P128
2646764.18,715637.43,4.19,2,P129
2646764.1,715636.25,4.31,2,P130
2646764,715635.06,4.43,2,P131
2646763.91,715633.89,4.55,2,P132
2646763.84,715632.71,4.67,2,P133
2646763.73,715631.51,4.78,2,P134
2646763.63,715630.34,4.87,2,P135
2646763.52,715629.17,4.94,2,P136
2646763.41,715628.01,5,2,P137
2646763.33,715626.86,5.06,2,P138
2646763.24,715625.71,5.12,2,P139
2646763.14,715624.56,5.17,2,P140
2646763.05,715623.42,5.23,2,P141
2646762.97,715622.28,5.29,2,P142
2646762.91,715621.18,5.38,2,P143
2646762.87,715620.13,5.47,2,P144
2646762.83,715619.09,5.56,2,P145
2646762.78,715618.05,5.64,2,P146
2646762.76,715617.01,5.76,2,P147
2646762.79,715616.01,5.89,2,P148
2646762.83,715615.01,6.01,2,P149
2646762.87,715614.02,6.14,2,P150
2646762.92,715613.06,6.25,2,P151
2646763,715612.12,6.35,2,P152
2646763.1,715611.22,6.46,2,P153
2646763.23,715610.35,6.52,2,P154
2646763.37,715609.5,6.58,2,P155
2646763.56,715608.66,6.64,2,P156
2646763.78,715607.87,6.7,2,P157
2646764.04,715607.11,6.71,2,P158
2646764.33,715606.37,6.73,2,P159
2646764.64,715605.65,6.72,2,P160
2646765.01,715604.96,6.69,2,P161
2646765.41,715604.3,6.67,2,P162
2646765.83,715603.66,6.57,2,P163
2646766.29,715603.04,6.49,2,P164
2646766.78,715602.45,6.4,2,P165
2646767.27,715601.89,6.25,2,P166
2646767.77,715601.35,6.1,2,P167
2646768.28,715600.84,5.92,2,P168
2646768.78,715600.34,5.74,2,P169
2646769.28,715599.87,5.52,2,P170
2646769.77,715599.42,5.31,2,P171
2646770.25,715599,5.07,2,P172
2646770.73,715598.6,4.82,2,P173
2646771.18,715598.22,4.61,2,P174
2646771.64,715597.85,4.48,2,P175
2646772.07,715597.5,4.33,2,P176
2646772.45,715597.19,4.21,2,P177
2646772.82,715596.89,4.08,2,P178
2646773.19,715596.59,3.94,2,P179
2646774.09,715601.77,7.18,3,P180
2646774.36,715602.34,7.33,3,P181
2646774.59,715602.93,7.41,3,P182
2646774.85,715603.55,7.51,3,P183
2646775.07,715604.19,7.63,3,P184
2646775.28,715604.88,7.7,3,P185
2646775.53,715605.63,7.76,3,P186
2646775.73,715606.43,7.91,3,P187
2646775.94,715607.29,8.05,3,P188
2646776.1,715608.21,8.15,3,P189
2646776.25,715609.2,8.2,3,P190
2646776.4,715610.25,8.22,3,P191
2646776.53,715611.38,8.17,3,P192
2646776.64,715612.57,8.06,3,P193
2646776.77,715613.8,7.88,3,P194
2646776.91,715615.07,7.66,3,P195
2646777.06,715616.37,7.44,3,P196
2646777.21,715617.67,7.21,3,P197
2646777.4,715619,6.96,3,P198
2646777.6,715620.28,6.68,3,P199
2646777.78,715621.55,6.4,3,P200
2646777.95,715622.81,6.13,3,P201
2646778.11,715624.11,5.86,3,P202
2646778.28,715625.44,5.64,3,P203
2646778.39,715626.78,5.41,3,P204
2646778.47,715628.15,5.21,3,P205
2646778.5,715629.54,5.02,3,P206
2646778.52,715630.93,4.82,3,P207
2646778.49,715632.34,4.63,3,P208
2646778.42,715633.75,4.43,3,P209
2646778.34,715635.17,4.23,3,P210
2646778.22,715636.62,4.03,3,P211
2646778.07,715638.09,3.86,3,P212
2646777.88,715639.52,3.71,3,P213
2646777.69,715640.94,3.58,3,P214
2646777.48,715642.37,3.46,3,P215
2646777.27,715643.77,3.33,3,P216
2646777.06,715645.15,3.21,3,P217
2646776.82,715646.53,3.09,3,P218
2646776.63,715647.91,2.98,3,P219
2646776.44,715649.27,2.88,3,P220
2646776.26,715650.61,2.8,3,P221
2646776.1,715651.9,2.71,3,P222
2646775.93,715653.18,2.63,3,P223
2646775.79,715654.44,2.55,3,P224
2646775.65,715655.68,2.48,3,P225
2646775.51,715656.9,2.43,3,P226
2646775.37,715658.09,2.37,3,P227
2646775.26,715659.25,2.32,3,P228
2646775.14,715660.4,2.26,3,P229
2646775.02,715661.53,2.21,3,P230
2646774.92,715662.65,2.15,3,P231
2646774.82,715663.75,2.08,3,P232
2646774.71,715664.84,2.03,3,P233
2646774.6,715665.93,1.98,3,P234
2646774.48,715666.99,1.94,3,P235
2646774.39,715668.06,1.89,3,P236
2646774.3,715669.12,1.84,3,P237
2646774.2,715670.16,1.79,3,P238
2646774.09,715671.19,1.75,3,P239
2646773.99,715672.22,1.71,3,P240
2646773.9,715673.23,1.67,3,P241
2646773.8,715674.23,1.64,3,P242
2646773.69,715675.26,1.61,3,P243
2646773.61,715676.28,1.59,3,P244
2646773.52,715677.29,1.56,3,P245
2646773.42,715678.3,1.54,3,P246
2646773.33,715679.31,1.56,3,P247
2646773.23,715680.3,1.43,3,P248
2646773.13,715681.28,1.31,3,P249
2646773.03,715682.25,1.36,3,P250
2646772.92,715683.23,1.36,3,P251
2646772.85,715684.2,1.34,3,P252
2646772.76,715685.2,1.33,3,P253
2646772.76,715686.16,1.3,3,P254
2646772.85,715687.07,1.27,3,P255
2646780.16,715691.25,2.12,4,P256
2646780.35,715690.81,2.22,4,P257
2646780.54,715690.37,2.11,4,P258
2646780.68,715689.9,2.17,4,P259
2646780.83,715689.46,2.1,4,P260
2646780.97,715688.96,2.04,4,P261
2646781.13,715688.4,1.98,4,P262
2646781.3,715687.76,1.95,4,P263
2646781.46,715687.05,1.91,4,P264
2646781.64,715686.28,1.85,4,P265
2646781.79,715685.42,1.78,4,P266
2646781.95,715684.47,1.73,4,P267
2646782.09,715683.46,1.68,4,P268
2646782.23,715682.4,1.72,4,P269
2646782.36,715681.26,1.66,4,P270
2646782.51,715680.06,1.7,4,P271
2646782.65,715678.79,1.74,4,P272
2646782.78,715677.45,1.79,4,P273
2646782.89,715676.07,1.84,4,P274
2646783.01,715674.62,1.88,4,P275
2646783.1,715673.13,1.95,4,P276
2646783.18,715671.61,2.01,4,P277
2646783.25,715670.05,2.07,4,P278
2646783.35,715668.45,2.13,4,P279
2646783.41,715666.82,2.19,4,P280
2646783.46,715665.17,2.26,4,P281
2646783.49,715663.5,2.33,4,P282
2646783.53,715661.84,2.41,4,P283
2646783.55,715660.17,2.48,4,P284
2646783.56,715658.54,2.54,4,P285
2646783.58,715656.89,2.59,4,P286
2646783.59,715655.25,2.64,4,P287
2646783.6,715653.64,2.7,4,P288
2646783.61,715652.05,2.76,4,P289
2646783.61,715650.47,2.82,4,P290
2646783.61,715648.94,2.88,4,P291
2646783.58,715647.42,2.95,4,P292
2646783.55,715645.93,3.02,4,P293
2646783.54,715644.48,3.11,4,P294
2646783.53,715643.07,3.23,4,P295
2646783.54,715641.72,3.36,4,P296
2646783.54,715640.42,3.51,4,P297
2646783.55,715639.16,3.67,4,P298
2646783.58,715637.92,3.84,4,P299
2646783.62,715636.71,4,4,P300
2646783.69,715635.52,4.18,4,P301
2646783.8,715634.32,4.35,4,P302
2646783.92,715633.15,4.53,4,P303
2646784.07,715631.98,4.72,4,P304
2646784.23,715630.86,4.89,4,P305
2646784.39,715629.74,5.06,4,P306
2646784.56,715628.64,5.25,4,P307
2646784.73,715627.54,5.43,4,P308
2646784.92,715626.46,5.61,4,P309
2646785.12,715625.41,5.8,4,P310
2646785.35,715624.39,6.02,4,P311
2646785.6,715623.39,6.24,4,P312
2646785.84,715622.4,6.51,4,P313
2646786.1,715621.42,6.78,4,P314
2646786.38,715620.48,7.05,4,P315
2646786.66,715619.54,7.31,4,P316
2646786.93,715618.6,7.55,4,P317
2646787.2,715617.68,7.78,4,P318
2646787.47,715616.77,7.99,4,P319
2646787.74,715615.89,8.18,4,P320
2646788.01,715615,8.35,4,P321
2646788.26,715614.13,8.47,4,P322
2646788.51,715613.31,8.59,4,P323
2646788.72,715612.53,8.65,4,P324
2646788.96,715611.8,8.63,4,P325
2646789.15,715611.1,8.55,4,P326
2646789.34,715610.44,8.32,4,P327
2646789.51,715609.81,8.07,4,P328
2646789.69,715609.21,7.78,4,P329
2646789.86,715608.66,7.47,4,P330
2646790.05,715608.18,7.15,4,P331
2646790.22,715607.78,6.83,4,P332
2646790.42,715607.43,6.45,4,P333
2646790.62,715607.12,6.08,4,P334
2646790.84,715606.81,5.8,4,P335
2646791.09,715606.49,5.53,4,P336
2646791.35,715606.17,5.27,4,P337
2646791.53,715606.02,5.16,4,P338
2646791.53,715606.02,5.04,4,P339
2646798.09,715607.11,5.21,1,P340
2646798.74,715607.1,5.16,1,P341
2646799.06,715607.09,5.18,1,P342
2646799.41,715607.08,5.21,1,P343
2646799.79,715607.05,5.23,1,P344
2646800.19,715606.98,5.29,1,P345
2646800.58,715606.91,5.41,1,P346
2646800.97,715606.84,5.5,1,P347
2646801.37,715606.77,5.57,1,P348
2646801.79,715606.68,5.69,1,P349
2646802.22,715606.61,5.82,1,P350
2646802.66,715606.54,5.95,1,P351
2646803.1,715606.51,6.09,1,P352
2646803.54,715606.54,6.22,1,P353
2646804,715606.63,6.39,1,P354
2646804.48,715606.77,6.74,1,P355
2646804.97,715606.96,7.04,1,P356
2646805.47,715607.2,7.3,1,P357
2646805.99,715607.46,7.57,1,P358
2646806.5,715607.77,7.86,1,P359
2646807.03,715608.03,8.08,1,P360
2646807.6,715608.33,8.28,1,P361
2646808.22,715608.65,8.46,1,P362
2646808.88,715609.01,8.62,1,P363
2646809.57,715609.43,8.74,1,P364
2646810.29,715609.9,8.78,1,P365
2646811.03,715610.43,8.61,1,P366
2646811.76,715611.02,8.42,1,P367
2646812.47,715611.69,8.18,1,P368
2646813.17,715612.43,7.94,1,P369
2646813.83,715613.24,7.67,1,P370
2646814.46,715614.19,7.42,1,P371
2646815.05,715615.26,7.15,1,P372
2646815.61,715616.43,6.87,1,P373
2646816.12,715617.69,6.6,1,P374
2646816.67,715618.98,6.33,1,P375
2646817.2,715620.25,6.06,1,P376
2646817.76,715621.53,5.8,1,P377
2646818.37,715622.79,5.54,1,P378
2646819.02,715624.04,5.29,1,P379
2646819.71,715625.3,5.05,1,P380
2646820.44,715626.52,4.82,1,P381
2646821.23,715627.71,4.58,1,P382
2646822.06,715628.89,4.39,1,P383
2646822.99,715630.05,4.24,1,P384
2646824.04,715631.17,4.1,1,P385
2646825.2,715632.26,4,1,P386
2646826.44,715633.3,3.92,1,P387
2646827.78,715634.31,3.86,1,P388
2646829.22,715635.23,3.83,1,P389
2646830.74,715636.09,3.83,1,P390
2646832.35,715636.88,3.86,1,P391
2646834,715637.6,3.9,1,P392
2646835.74,715638.29,3.94,1,P393
2646837.51,715638.97,3.97,1,P394
2646839.24,715639.66,3.98,1,P395
2646840.97,715640.36,3.98,1,P396
2646842.68,715641.11,3.98,1,P397
2646844.39,715641.95,3.98,1,P398
2646846.09,715642.86,3.99,1,P399
2646847.73,715643.88,3.99,1,P400
2646849.33,715645.02,3.97,1,P401
2646850.91,715646.26,3.93,1,P402
2646852.48,715647.58,3.89,1,P403
2646854.03,715648.97,3.85,1,P404
2646855.59,715650.41,3.83,1,P405
2646857.17,715651.85,3.83,1,P406
2646858.78,715653.29,3.86,1,P407
2646860.4,715654.71,3.88,1,P408
2646862.04,715656.1,3.89,1,P409
2646863.73,715657.45,3.89,1,P410
2646865.43,715658.82,3.89,1,P411
2646867.15,715660.17,3.92,1,P412
2646868.91,715661.5,3.96,1,P413
2646870.67,715662.82,4.01,1,P414
2646872.43,715664.14,4.05,1,P415
2646874.24,715665.46,4.07,1,P416
2646876.07,715666.76,4.07,1,P417
2646877.91,715668.08,4.04,1,P418
2646879.77,715669.41,4,1,P419
2646881.63,715670.74,3.97,1,P420
2646883.48,715672.1,3.95,1,P421
2646885.33,715673.52,3.93,1,P422
2646887.2,715674.96,3.9,1,P423
2646889.06,715676.43,3.85,1,P424
2646890.95,715677.9,3.83,1,P425
2646892.86,715679.35,3.84,1,P426
2646894.75,715680.75,3.82,1,P427
2646896.55,715682.05,3.81,1,P428
2646898.25,715683.25,3.82,1,P429
2646899.86,715684.31,3.83,1,P430
2646901.34,715685.2,3.85,1,P431
2646904.86,715674.88,4.97,2,P432
2646903.97,715673.53,5.1,2,P433
2646902.98,715672.23,5.05,2,P434
2646901.87,715670.98,4.99,2,P435
2646900.69,715669.72,4.95,2,P436
2646899.41,715668.5,4.92,2,P437
2646898.08,715667.32,4.91,2,P438
2646896.7,715666.13,4.93,2,P439
2646895.26,715664.95,4.98,2,P440
2646893.77,715663.81,5.02,2,P441
2646892.26,715662.65,5.07,2,P442
2646890.71,715661.47,5.09,2,P443
2646889.14,715660.32,5.09,2,P444
2646887.57,715659.13,5.12,2,P445
2646885.99,715657.93,5.15,2,P446
2646884.41,715656.72,5.21,2,P447
2646882.83,715655.49,5.24,2,P448
2646881.25,715654.2,5.25,2,P449
2646879.68,715652.88,5.23,2,P450
2646878.08,715651.51,5.18,2,P451
2646876.49,715650.12,5.13,2,P452
2646874.91,715648.75,5.04,2,P453
2646873.37,715647.42,4.93,2,P454
2646871.83,715646.11,4.83,2,P455
2646870.3,715644.82,4.81,2,P456
2646868.76,715643.56,4.79,2,P457
2646867.23,715642.33,4.74,2,P458
2646865.69,715641.13,4.7,2,P459
2646864.16,715639.98,4.67,2,P460
2646862.66,715638.89,4.63,2,P461
2646861.19,715637.84,4.6,2,P462
2646859.7,715636.82,4.56,2,P463
2646858.22,715635.8,4.55,2,P464
2646856.75,715634.8,4.54,2,P465
2646855.28,715633.83,4.53,2,P466
2646853.82,715632.88,4.49,2,P467
2646852.38,715631.97,4.46,2,P468
2646850.95,715631.08,4.43,2,P469
2646849.55,715630.22,4.43,2,P470
2646848.19,715629.36,4.45,2,P471
2646846.87,715628.51,4.47,2,P472
2646845.55,715627.69,4.5,2,P473
2646844.25,715626.85,4.52,2,P474
2646842.97,715625.99,4.54,2,P475
2646841.7,715625.13,4.56,2,P476
2646840.45,715624.27,4.6,2,P477
2646839.22,715623.42,4.64,2,P478
2646837.97,715622.58,4.71,2,P479
2646836.75,715621.75,4.79,2,P480
2646835.54,715620.94,4.89,2,P481
2646834.33,715620.14,5,2,P482
2646833.12,715619.37,5.14,2,P483
2646831.9,715618.6,5.31,2,P484
2646830.74,715617.85,5.53,2,P485
2646829.53,715617.13,5.78,2,P486
2646828.36,715616.4,6.03,2,P487
2646827.19,715615.66,6.28,2,P488
2646826.03,715614.93,6.55,2,P489
2646824.89,715614.21,6.81,2,P490
2646823.76,715613.51,7.08,2,P491
2646822.65,715612.81,7.35,2,P492
2646821.57,715612.07,7.61,2,P493
2646820.5,715611.35,7.87,2,P494
2646819.46,715610.63,8.1,2,P495
2646818.45,715609.93,8.29,2,P496
2646817.49,715609.26,8.44,2,P497
2646816.57,715608.59,8.54,2,P498
2646815.69,715607.93,8.58,2,P499
2646814.86,715607.3,8.53,2,P500
2646814.06,715606.68,8.44,2,P501
2646813.28,715606.03,8.28,2,P502
2646812.57,715605.41,8.05,2,P503
2646811.94,715604.83,7.72,2,P504
2646811.41,715604.27,7.36,2,P505
2646810.94,715603.71,7,2,P506
2646810.54,715603.18,6.61,2,P507
2646810.16,715602.64,6.24,2,P508
2646809.79,715602.07,5.9,2,P509
2646809.43,715601.48,5.61,2,P510
2646809.13,715600.91,5.39,2,P511
2646809.06,715600.55,5.18,2,P512
2646809.02,715600.33,5.02,2,P513
2646809.01,715600.29,4.9,2,P514
2646809,715600.29,4.87,2,P515
2646809,715600.29,4.85,2,P516
2646809,715600.29,4.82,2,P517
2646809,715600.29,4.81,2,P518
2646808.99,715600.3,4.81,2,P519
2646808.99,715600.31,4.81,2,P520
2646808.98,715600.31,4.81,2,P521
2646808.99,715600.31,4.82,2,P522
2646808.98,715600.31,4.82,2,P523
2646808.98,715600.31,4.82,2,P524
2646820.88,715601.58,8.96,3,P525
2646822.05,715601.81,8.87,3,P526
2646823.26,715602.12,8.83,3,P527
2646824.54,715602.52,8.75,3,P528
2646825.82,715603.05,8.64,3,P529
2646827.1,715603.66,8.49,3,P530
2646828.38,715604.4,8.33,3,P531
2646829.69,715605.3,8.14,3,P532
2646831.04,715606.43,7.96,3,P533
2646832.45,715607.61,7.77,3,P534
2646833.9,715608.84,7.57,3,P535
2646835.42,715610.13,7.37,3,P536
2646837,715611.44,7.17,3,P537
2646838.65,715612.75,7,3,P538
2646840.42,715613.97,6.84,3,P539
2646842.24,715615.16,6.71,3,P540
2646844.14,715616.32,6.63,3,P541
2646846.11,715617.41,6.58,3,P542
2646848.11,715618.48,6.46,3,P543
2646850.13,715619.54,6.33,3,P544
2646852.16,715620.62,6.21,3,P545
2646854.17,715621.73,6.07,3,P546
2646856.16,715622.9,5.94,3,P547
2646858.12,715624.13,5.8,3,P548
2646860.02,715625.46,5.64,3,P549
2646861.84,715626.85,5.51,3,P550
2646863.67,715628.34,5.39,3,P551
2646865.5,715629.89,5.28,3,P552
2646867.31,715631.45,5.2,3,P553
2646869.14,715632.99,5.15,3,P554
2646870.95,715634.5,5.13,3,P555
2646872.77,715635.97,5.15,3,P556
2646874.59,715637.4,5.19,3,P557
2646876.39,715638.83,5.22,3,P558
2646878.21,715640.24,5.27,3,P559
2646880.03,715641.66,5.36,3,P560
2646881.85,715643.07,5.44,3,P561
2646883.7,715644.5,5.53,3,P562
2646885.51,715645.96,5.61,3,P563
2646887.31,715647.46,5.66,3,P564
2646889.1,715649.01,5.7,3,P565
2646890.89,715650.62,5.74,3,P566
2646892.68,715652.28,5.77,3,P567
2646894.5,715653.94,5.8,3,P568
2646896.36,715655.61,5.85,3,P569
2646898.26,715657.29,5.9,3,P570
2646900.2,715658.92,5.92,3,P571
2646902.16,715660.51,5.94,3,P572
2646904.12,715662.02,5.95,3,P573
2646906,715663.43,5.94,3,P574
2646907.8,715664.74,5.97,3,P575
2646909.49,715665.92,6.02,3,P576
2646911.1,715666.97,6.03,3,P577
2646912.61,715667.87,6.05,3,P578
2646914,715668.66,6.06,3,P579
2646915.3,715669.32,6.08,3,P580
2646916.49,715669.89,6.08,3,P581
2646924.76,715665.53,7.37,4,P582
2646924.3,715664.88,7.34,4,P583
2646923.73,715664.19,7.31,4,P584
2646923.07,715663.45,7.28,4,P585
2646922.32,715662.69,7.25,4,P586
2646921.48,715661.92,7.22,4,P587
2646920.56,715661.11,7.21,4,P588
2646919.56,715660.28,7.19,4,P589
2646918.48,715659.4,7.19,4,P590
2646917.34,715658.49,7.21,4,P591
2646916.13,715657.53,7.26,4,P592
2646914.88,715656.55,7.37,4,P593
2646913.6,715655.55,7.41,4,P594
2646912.28,715654.54,7.42,4,P595
2646910.93,715653.5,7.43,4,P596
2646909.55,715652.4,7.42,4,P597
2646908.12,715651.27,7.39,4,P598
2646906.66,715650.1,7.32,4,P599
2646905.16,715648.9,7.24,4,P600
2646903.65,715647.69,7.13,4,P601
2646902.12,715646.47,7.03,4,P602
2646900.57,715645.22,6.92,4,P603
2646899.01,715643.94,6.76,4,P604
2646897.44,715642.64,6.69,4,P605
2646895.9,715641.35,6.64,4,P606
2646894.38,715640.1,6.57,4,P607
2646892.9,715638.89,6.53,4,P608
2646891.45,715637.71,6.49,4,P609
2646890.01,715636.57,6.47,4,P610
2646888.6,715635.45,6.46,4,P611
2646887.2,715634.36,6.46,4,P612
2646885.8,715633.3,6.41,4,P613
2646884.42,715632.27,6.35,4,P614
2646883.05,715631.27,6.27,4,P615
2646881.69,715630.31,6.2,4,P616
2646880.38,715629.38,6.14,4,P617
2646879.08,715628.49,6.1,4,P618
2646877.8,715627.61,6.07,4,P619
2646876.52,715626.72,6.06,4,P620
2646875.24,715625.85,6.1,4,P621
2646873.96,715624.98,6.15,4,P622
2646872.69,715624.13,6.22,4,P623
2646871.43,715623.29,6.31,4,P624
2646870.19,715622.48,6.41,4,P625
2646868.97,715621.69,6.52,4,P626
2646867.77,715620.91,6.62,4,P627
2646866.58,715620.15,6.72,4,P628
2646865.4,715619.39,6.81,4,P629
2646864.23,715618.61,6.9,4,P630
2646863.06,715617.83,6.98,4,P631
2646861.9,715617.04,7.02,4,P632
2646860.75,715616.26,7.06,4,P633
2646859.62,715615.48,7.09,4,P634
2646858.5,715614.7,7.11,4,P635
2646857.38,715613.91,7.13,4,P636
2646856.28,715613.11,7.15,4,P637
2646855.19,715612.32,7.18,4,P638
2646854.11,715611.53,7.21,4,P639
2646853.04,715610.73,7.26,4,P640
2646851.97,715609.94,7.32,4,P641
2646850.91,715609.14,7.39,4,P642
2646849.85,715608.35,7.47,4,P643
2646848.79,715607.56,7.61,4,P644
2646847.73,715606.77,7.74,4,P645
2646846.69,715605.98,7.88,4,P646
2646845.64,715605.19,8.02,4,P647
2646844.59,715604.4,8.16,4,P648
2646843.55,715603.62,8.31,4,P649
2646842.5,715602.85,8.46,4,P650
2646841.44,715602.08,8.61,4,P651
2646840.38,715601.31,8.75,4,P652
2646839.32,715600.56,8.89,4,P653
2646838.28,715599.81,9.01,4,P654
2646837.24,715599.08,9.08,4,P655
2646836.23,715598.36,9.15,4,P656
2646835.19,715597.66,9.21,4,P657
2646834.17,715596.99,9.28,4,P658
2646833.12,715596.34,9.35,4,P659
2646832.13,715595.7,9.4,4,P660
2646831.16,715595.11,9.44,4,P661
2646830.23,715594.54,9.36,4,P662
2646829.33,715594,9.19,4,P663
2646828.45,715593.47,8.99,4,P664
2646827.62,715592.95,8.72,4,P665
2646826.83,715592.43,8.42,4,P666
2646826.07,715591.91,8.11,4,P667
2646825.35,715591.38,7.76,4,P668
2646824.67,715590.86,7.29,4,P669
2646824.07,715590.35,6.81,4,P670
2646823.58,715589.88,6.35,4,P671
2646823.18,715589.41,5.8,4,P672
2646822.81,715588.91,5.32,4,P673
2646822.47,715588.41,4.93,4,P674
2646822.16,715587.89,4.58,4,P675
2646821.88,715587.38,4.27,4,P676
2646821.68,715586.89,3.99,4,P677
2646821.54,715586.45,3.78,4,P678
2646821.42,715586.02,3.58,4,P679
2646821.34,715585.58,3.48,4,P680
2646821.38,715585.23,3.36,4,P681
2646821.46,715584.97,3.18,4,P682
2646827.6,715584.11,7.22,5,P683
2646828.32,715584.14,7.7,5,P684
2646829.06,715584.19,7.93,5,P685
2646829.81,715584.19,8.15,5,P686
2646830.58,715584.23,8.34,5,P687
2646831.37,715584.26,8.5,5,P688
2646832.19,715584.34,8.64,5,P689
2646833.01,715584.46,8.95,5,P690
2646833.84,715584.66,9.26,5,P691
2646834.69,715584.89,9.55,5,P692
2646835.54,715585.19,9.7,5,P693
2646836.41,715585.59,9.84,5,P694
2646837.31,715586.12,9.93,5,P695
2646838.22,715586.82,9.98,5,P696
2646839.17,715587.62,10.03,5,P697
2646840.11,715588.49,10.06,5,P698
2646841.08,715589.38,10.05,5,P699
2646842.05,715590.28,10.01,5,P700
2646843.1,715591.21,9.92,5,P701
2646844.16,715592.15,9.79,5,P702
2646845.23,715593.11,9.64,5,P703
2646846.28,715594.08,9.48,5,P704
2646847.38,715595.07,9.32,5,P705
2646848.51,715596.09,9.17,5,P706
2646849.69,715597.11,8.99,5,P707
2646850.9,715598.16,8.79,5,P708
2646852.14,715599.22,8.58,5,P709
2646853.45,715600.33,8.39,5,P710
2646854.84,715601.48,8.22,5,P711
2646856.31,715602.67,8.09,5,P712
2646857.86,715603.91,7.99,5,P713
2646859.5,715605.17,7.93,5,P714
2646861.19,715606.42,7.88,5,P715
2646862.94,715607.65,7.82,5,P716
2646864.74,715608.85,7.74,5,P717
2646866.6,715610.09,7.67,5,P718
2646868.5,715611.29,7.59,5,P719
2646870.44,715612.47,7.5,5,P720
2646872.43,715613.66,7.42,5,P721
2646874.47,715614.83,7.36,5,P722
2646876.51,715616.03,7.32,5,P723
2646878.54,715617.22,7.3,5,P724
2646880.56,715618.46,7.27,5,P725
2646882.54,715619.74,7.21,5,P726
2646884.52,715621.07,7.15,5,P727
2646886.51,715622.43,7.11,5,P728
2646888.5,715623.84,7.08,5,P729
2646890.49,715625.27,7.09,5,P730
2646892.46,715626.71,7.11,5,P731
2646894.42,715628.17,7.17,5,P732
2646896.36,715629.64,7.22,5,P733
2646898.31,715631.12,7.23,5,P734
2646900.27,715632.63,7.22,5,P735
2646902.26,715634.11,7.24,5,P736
2646904.26,715635.61,7.34,5,P737
2646906.27,715637.12,7.52,5,P738
2646908.27,715638.62,7.69,5,P739
2646910.27,715640.13,7.88,5,P740
2646912.26,715641.66,8.02,5,P741
2646914.27,715643.22,8.14,5,P742
2646916.27,715644.8,8.2,5,P743
2646918.24,715646.35,8.27,5,P744
2646920.16,715647.83,8.38,5,P745
2646922.02,715649.23,8.52,5,P746
2646923.81,715650.54,8.69,5,P747
2646941.45,715653.8,9.66,6,P748
2646941.13,715653.41,9.68,6,P749
2646940.81,715652.98,9.71,6,P750
2646940.35,715652.56,9.73,6,P751
2646939.87,715652.08,9.75,6,P752
2646939.32,715651.53,9.76,6,P753
2646938.67,715650.89,9.74,6,P754
2646937.99,715650.19,9.72,6,P755
2646937.21,715649.38,9.69,6,P756
2646936.31,715648.47,9.66,6,P757
2646935.32,715647.48,9.64,6,P758
2646934.22,715646.39,9.61,6,P759
2646932.99,715645.23,9.56,6,P760
2646931.7,715644.05,9.48,6,P761
2646930.34,715642.87,9.36,6,P762
2646928.91,715641.66,9.23,6,P763
2646927.42,715640.43,9.09,6,P764
2646925.87,715639.14,8.97,6,P765
2646924.27,715637.82,8.88,6,P766
2646922.63,715636.45,8.79,6,P767
2646920.95,715635.04,8.69,6,P768
2646919.23,715633.6,8.57,6,P769
2646917.49,715632.13,8.44,6,P770
2646915.72,715630.62,8.34,6,P771
2646913.91,715629.07,8.26,6,P772
2646912.07,715627.49,8.17,6,P773
2646910.18,715625.89,8.08,6,P774
2646908.28,715624.27,8.03,6,P775
2646906.3,715622.67,7.99,6,P776
2646904.29,715621.09,7.94,6,P777
2646902.25,715619.58,7.89,6,P778
2646900.27,715618.19,7.83,6,P779
2646898.33,715616.87,7.79,6,P780
2646896.41,715615.6,7.75,6,P781
2646894.54,715614.38,7.74,6,P782
2646892.71,715613.17,7.77,6,P783
2646890.9,715611.95,7.86,6,P784
2646889.13,715610.76,7.95,6,P785
2646887.41,715609.58,8.04,6,P786
2646885.71,715608.45,8.11,6,P787
2646884.06,715607.33,8.18,6,P788
2646882.44,715606.23,8.25,6,P789
2646880.84,715605.16,8.34,6,P790
2646879.27,715604.12,8.42,6,P791
2646877.73,715603.09,8.49,6,P792
2646876.21,715602.1,8.53,6,P793
2646874.71,715601.11,8.54,6,P794
2646873.26,715600.14,8.55,6,P795
2646871.84,715599.2,8.56,6,P796
2646870.43,715598.29,8.59,6,P797
2646869.07,715597.35,8.63,6,P798
2646867.72,715596.45,8.67,6,P799
2646866.41,715595.55,8.72,6,P800
2646865.14,715594.66,8.8,6,P801
2646863.91,715593.8,8.92,6,P802
2646862.69,715592.94,9.05,6,P803
2646861.51,715592.09,9.2,6,P804
2646860.34,715591.25,9.35,6,P805
2646859.21,715590.41,9.51,6,P806
2646858.09,715589.57,9.67,6,P807
2646857,715588.75,9.83,6,P808
2646855.93,715587.95,9.99,6,P809
2646854.89,715587.14,10.15,6,P810
2646853.87,715586.32,10.32,6,P811
2646852.86,715585.51,10.46,6,P812
2646851.87,715584.71,10.55,6,P813
2646850.91,715583.9,10.64,6,P814
2646849.99,715583.11,10.7,6,P815
2646849.07,715582.34,10.74,6,P816
2646848.16,715581.57,10.75,6,P817
2646847.28,715580.83,10.73,6,P818
2646846.42,715580.11,10.69,6,P819
2646844.86,715578.72,10.63,6,P820
2646844.15,715578.03,10.5,6,P821
2646843.49,715577.37,10.4,6,P822
2646842.85,715576.7,10.24,6,P823
2646842.25,715576.03,10.06,6,P824
2646841.7,715575.36,9.79,6,P825
2646841.2,715574.69,9.47,6,P826
2646840.74,715574.03,9.1,6,P827
2646840.33,715573.36,8.67,6,P828
2646839.93,715572.67,8.18,6,P829
2646839.58,715571.97,7.98,6,P830
2646839.26,715571.32,7.74,6,P831
2646838.99,715570.69,7.51,6,P832
2646838.72,715570.07,7.19,6,P833
2646838.47,715569.49,6.86,6,P834
2646838.43,715564.27,2.82,7,P835
2646838.67,715564.42,3.05,7,P836
2646838.9,715564.62,3.14,7,P837
2646839.14,715564.85,3.21,7,P838
2646839.42,715565.11,3.27,7,P839
2646839.72,715565.44,3.38,7,P840
2646840.07,715565.83,3.5,7,P841
2646840.37,715566.24,3.85,7,P842
2646840.64,715566.6,4.18,7,P843
2646840.92,715566.99,4.53,7,P844
2646841.17,715567.33,4.87,7,P845
2646841.48,715567.61,5.25,7,P846
2646841.81,715567.83,5.61,7,P847
2646842.18,715568.02,5.99,7,P848
2646842.62,715568.15,6.41,7,P849
2646843.14,715568.24,6.83,7,P850
2646843.75,715568.25,7.26,7,P851
2646844.4,715568.24,7.66,7,P852
2646845.06,715568.26,8.03,7,P853
2646845.73,715568.26,8.41,7,P854
2646846.42,715568.25,8.72,7,P855
2646847.18,715568.29,9.04,7,P856
2646847.98,715568.36,9.44,7,P857
2646848.84,715568.47,9.81,7,P858
2646849.76,715568.63,10.2,7,P859
2646850.74,715568.85,10.53,7,P860
2646851.75,715569.18,10.83,7,P861
2646852.8,715569.55,11.06,7,P862
2646853.84,715570.02,11.28,7,P863
2646854.95,715570.63,11.39,7,P864
2646856.1,715571.41,11.46,7,P865
2646857.26,715572.38,11.49,7,P866
2646858.44,715573.54,11.49,7,P867
2646859.63,715574.86,11.33,7,P868
2646860.82,715576.32,11.16,7,P869
2646862.04,715577.86,10.94,7,P870
2646863.25,715579.37,10.72,7,P871
2646864.46,715580.81,10.51,7,P872
2646865.7,715582.17,10.31,7,P873
2646866.96,715583.44,10.11,7,P874
2646868.3,715584.64,9.92,7,P875
2646869.67,715585.81,9.75,7,P876
2646871.07,715586.94,9.63,7,P877
2646874.07,715589.21,9.54,7,P878
2646875.66,715590.37,9.47,7,P879
2646877.28,715591.54,9.44,7,P880
2646878.95,715592.75,9.4,7,P881
2646880.63,715593.99,9.36,7,P882
2646882.33,715595.24,9.31,7,P883
2646884.06,715596.55,9.25,7,P884
2646885.81,715597.88,9.18,7,P885
2646887.58,715599.24,9.09,7,P886
2646889.37,715600.62,9,7,P887
2646891.19,715602.01,8.9,7,P888
2646893.04,715603.37,8.81,7,P889
2646894.87,715604.68,8.79,7,P890
2646896.7,715606.02,8.73,7,P891
2646898.52,715607.36,8.67,7,P892
2646900.37,715608.71,8.66,7,P893
2646902.21,715610.08,8.67,7,P894
2646904.04,715611.52,8.68,7,P895
2646905.85,715612.99,8.73,7,P896
2646907.64,715614.5,8.83,7,P897
2646909.44,715616.05,8.93,7,P898
2646911.24,715617.63,9.06,7,P899
2646913.06,715619.21,9.13,7,P900
2646914.91,715620.81,9.15,7,P901
2646916.78,715622.4,9.27,7,P902
2646918.7,715624.01,9.43,7,P903
2646920.67,715625.61,9.51,7,P904
2646922.7,715627.18,9.59,7,P905
2646924.77,715628.7,9.72,7,P906
2646926.89,715630.18,9.8,7,P907
2646929.02,715631.62,9.9,7,P908
2646931.18,715633.05,9.99,7,P909
2646933.35,715634.47,10.03,7,P910
2646935.55,715635.86,10.13,7,P911
2646937.77,715637.23,10.22,7,P912
2646940,715638.6,10.24,7,P913
2646942.22,715639.99,10.22,7,P914
2646944.44,715641.38,10.27,7,P915
2646946.65,715642.74,10.34,7,P916
2646952.71,715632.44,10.62,8,P917
2646950.81,715631.08,10.63,8,P918
2646948.85,715629.76,10.7,8,P919
2646946.87,715628.41,10.74,8,P920
2646944.74,715627.05,10.76,8,P921
2646942.53,715625.67,10.76,8,P922
2646940.25,715624.26,10.78,8,P923
2646937.96,715622.84,10.8,8,P924
2646935.69,715621.39,10.8,8,P925
2646933.44,715619.87,10.77,8,P926
2646931.19,715618.26,10.7,8,P927
2646928.93,715616.59,10.61,8,P928
2646926.71,715614.91,10.54,8,P929
2646924.54,715613.25,10.42,8,P930
2646922.42,715611.63,10.3,8,P931
2646920.36,715610,10.2,8,P932
2646918.34,715608.35,10.1,8,P933
2646916.36,715606.72,10.01,8,P934
2646914.4,715605.12,9.97,8,P935
2646912.47,715603.58,10.03,8,P936
2646910.57,715602.08,10.08,8,P937
2646908.67,715600.64,10.14,8,P938
2646906.79,715599.24,10.21,8,P939
2646904.92,715597.92,10.22,8,P940
2646903.1,715596.65,10.23,8,P941
2646901.28,715595.45,10.26,8,P942
2646899.48,715594.27,10.29,8,P943
2646897.7,715593.14,10.32,8,P944
2646895.94,715592.04,10.34,8,P945
2646894.23,715590.99,10.31,8,P946
2646892.55,715589.96,10.21,8,P947
2646890.89,715588.94,10.15,8,P948
2646889.26,715587.94,10.12,8,P949
2646887.66,715586.96,10.11,8,P950
2646886.12,715585.98,10.13,8,P951
2646884.64,715585.03,10.16,8,P952
2646883.22,715584.09,10.2,8,P953
2646881.83,715583.12,10.23,8,P954
2646880.47,715582.15,10.3,8,P955
2646879.15,715581.19,10.37,8,P956
2646877.88,715580.22,10.45,8,P957
2646876.64,715579.24,10.54,8,P958
2646875.45,715578.28,10.64,8,P959
2646874.28,715577.33,10.75,8,P960
2646873.15,715576.38,10.86,8,P961
2646872.05,715575.45,10.98,8,P962
2646870.97,715574.51,11.11,8,P963
2646869.94,715573.57,11.24,8,P964
2646868.92,715572.64,11.37,8,P965
2646867.94,715571.71,11.46,8,P966
2646866.97,715570.79,11.54,8,P967
2646866.04,715569.87,11.63,8,P968
2646865.12,715568.96,11.71,8,P969
2646864.21,715568.05,11.77,8,P970
2646863.34,715567.15,11.8,8,P971
2646862.49,715566.26,11.8,8,P972
2646861.66,715565.39,11.75,8,P973
2646860.87,715564.55,11.66,8,P974
2646860.14,715563.77,11.55,8,P975
2646859.44,715563.01,11.41,8,P976
2646858.79,715562.31,11.27,8,P977
2646858.2,715561.66,11.11,8,P978
2646857.67,715561.02,10.85,8,P979
2646857.16,715560.43,10.49,8,P980
2646856.7,715559.85,10.05,8,P981
2646856.28,715559.28,9.61,8,P982
2646855.9,715558.7,9.42,8,P983
2646855.6,715558.14,9.24,8,P984
2646855.15,715557.05,9.04,8,P985
2646854.96,715556.44,8.8,8,P986
2646854.77,715555.83,8.54,8,P987
2646858.32,715549.4,5.03,9,P988
2646858.83,715549.37,5.59,9,P989
2646859.36,715549.37,5.89,9,P990
2646859.94,715549.36,6.18,9,P991
2646860.56,715549.42,6.48,9,P992
2646861.23,715549.55,6.82,9,P993
2646861.89,715549.67,7.08,9,P994
2646862.54,715549.8,7.62,9,P995
2646863.18,715549.94,8.15,9,P996
2646863.86,715550.06,8.58,9,P997
2646864.6,715550.2,9.07,9,P998
2646865.46,715550.4,9.5,9,P999
2646866.41,715550.62,9.92,9,P1000
2646867.41,715550.86,10.35,9,P1001
2646868.42,715551.18,10.75,9,P1002
2646869.46,715551.56,11.09,9,P1003
2646870.51,715552.03,11.33,9,P1004
2646871.51,715552.58,11.59,9,P1005
2646872.47,715553.2,11.81,9,P1006
2646873.4,715553.92,12.02,9,P1007
2646874.25,715554.84,12.2,9,P1008
2646875,715555.94,12.32,9,P1009
2646875.65,715557.27,12.44,9,P1010
2646876.21,715558.83,12.48,9,P1011
2646876.72,715560.45,12.49,9,P1012
2646877.22,715562.06,12.49,9,P1013
2646877.72,715563.57,12.5,9,P1014
2646878.25,715564.97,12.52,9,P1015
2646878.85,715566.25,12.52,9,P1016
2646879.47,715567.42,12.52,9,P1017
2646880.1,715568.42,12.52,9,P1018
2646880.76,715569.31,12.49,9,P1019
2646881.44,715570.1,12.46,9,P1020
2646882.09,715570.83,12.43,9,P1021
2646882.79,715571.51,12.39,9,P1022
2646883.49,715572.23,12.35,9,P1023
2646884.27,715572.94,12.28,9,P1024
2646885.1,715573.71,12.21,9,P1025
2646885.98,715574.45,12.13,9,P1026
2646886.92,715575.24,12.05,9,P1027
2646887.95,715576.07,12,9,P1028
2646889.07,715576.91,11.94,9,P1029
2646890.28,715577.79,11.93,9,P1030
2646891.6,715578.74,11.91,9,P1031
2646893.03,715579.77,11.91,9,P1032
2646894.55,715580.84,11.92,9,P1033
2646896.18,715581.98,11.95,9,P1034
2646897.9,715583.19,11.97,9,P1035
2646899.67,715584.41,11.96,9,P1036
2646901.5,715585.65,11.92,9,P1037
2646903.39,715586.93,11.89,9,P1038
2646905.35,715588.26,11.85,9,P1039
2646907.39,715589.58,11.81,9,P1040
2646909.46,715590.88,11.75,9,P1041
2646911.52,715592.2,11.72,9,P1042
2646913.58,715593.53,11.67,9,P1043
2646915.64,715594.89,11.62,9,P1044
2646917.73,715596.3,11.53,9,P1045
2646919.79,715597.81,11.45,9,P1046
2646921.83,715599.35,11.4,9,P1047
2646923.86,715600.98,11.37,9,P1048
2646927.94,715604.51,11.32,9,P1049
2646930.01,715606.33,11.28,9,P1050
2646932.08,715608.18,11.25,9,P1051
2646934.19,715610.03,11.24,9,P1052
2646938.58,715613.72,11.21,9,P1053
2646936.36,715611.88,11.19,9,P1054
2646940.87,715615.53,11.17,9,P1055
2646943.2,715617.31,11.14,9,P1056
2646945.5,715618.98,11.12,9,P1057
2646947.74,715620.54,11.1,9,P1058
2646949.88,715621.97,11.12,9,P1059
2646960.14,715617.07,10.74,10,P1060
2646959.78,715616.1,10.83,10,P1061
2646959.3,715615.14,10.87,10,P1062
2646958.72,715614.17,10.89,10,P1063
2646958.01,715613.17,10.92,10,P1064
2646957.16,715612.17,10.94,10,P1065
2646956.19,715611.17,10.98,10,P1066
2646955.1,715610.18,11.07,10,P1067
2646953.92,715609.2,11.15,10,P1068
2646952.64,715608.22,11.27,10,P1069
2646951.3,715607.23,11.39,10,P1070
2646949.9,715606.19,11.47,10,P1071
2646948.44,715605.1,11.57,10,P1072
2646946.93,715603.97,11.69,10,P1073
2646945.36,715602.8,11.85,10,P1074
2646943.74,715601.59,11.98,10,P1075
2646942.08,715600.36,12.13,10,P1076
2646940.38,715599.12,12.27,10,P1077
2646938.65,715597.88,12.44,10,P1078
2646936.87,715596.64,12.6,10,P1079
2646935.06,715595.38,12.73,10,P1080
2646933.21,715594.1,12.86,10,P1081
2646931.32,715592.81,13,10,P1082
2646927.53,715590.29,13.16,10,P1083
2646929.42,715591.54,13.27,10,P1084
2646925.62,715589.07,13.33,10,P1085
2646923.67,715587.86,13.42,10,P1086
2646921.7,715586.68,13.47,10,P1087
2646919.74,715585.55,13.5,10,P1088
2646917.81,715584.44,13.49,10,P1089
2646915.88,715583.34,13.48,10,P1090
2646913.98,715582.24,13.46,10,P1091
2646912.12,715581.17,13.42,10,P1092
2646910.34,715580.16,13.35,10,P1093
2646908.65,715579.2,13.26,10,P1094
2646907.05,715578.26,13.18,10,P1095
2646905.51,715577.34,13.12,10,P1096
2646904.03,715576.4,13.05,10,P1097
2646902.6,715575.47,12.99,10,P1098
2646901.24,715574.56,12.94,10,P1099
2646899.95,715573.65,12.91,10,P1100
2646898.71,715572.72,12.89,10,P1101
2646897.51,715571.77,12.87,10,P1102
2646896.33,715570.81,12.84,10,P1103
2646895.21,715569.82,12.83,10,P1104
2646894.12,715568.85,12.83,10,P1105
2646893.06,715567.89,12.84,10,P1106
2646892.02,715566.92,12.87,10,P1107
2646890.99,715565.97,12.92,10,P1108
2646889.99,715565.04,12.97,10,P1109
2646889,715564.11,13.02,10,P1110
2646888.02,715563.19,13.06,10,P1111
2646887.05,715562.28,13.07,10,P1112
2646886.08,715561.39,13.06,10,P1113
2646885.13,715560.5,13.05,10,P1114
2646884.18,715559.63,13.05,10,P1115
2646883.25,715558.76,13.03,10,P1116
2646882.32,715557.93,13.02,10,P1117
2646881.42,715557.07,12.98,10,P1118
2646880.5,715556.23,12.92,10,P1119
2646879.6,715555.39,12.84,10,P1120
2646878.71,715554.56,12.73,10,P1121
2646877.84,715553.73,12.57,10,P1122
2646876.98,715552.91,12.4,10,P1123
2646876.15,715552.09,12.2,10,P1124
2646875.33,715551.27,11.97,10,P1125
2646874.53,715550.45,11.72,10,P1126
2646873.77,715549.63,11.43,10,P1127
2646873.01,715548.8,11.08,10,P1128
2646872.28,715547.98,10.68,10,P1129
2646871.6,715547.18,10.24,10,P1130
2646870.97,715546.37,9.69,10,P1131
2646870.39,715545.6,9.09,10,P1132
2646869.83,715544.8,8.44,10,P1133
2646869.32,715543.99,7.79,10,P1134
2646868.88,715543.21,7.17,10,P1135
2646868.5,715542.46,6.86,10,P1136
2646868.13,715541.69,6.51,10,P1137
2646867.77,715540.89,6.14,10,P1138
2646867.43,715540.15,5.74,10,P1139
2646867.14,715539.44,5.31,10,P1140
2646869.41,715537.66,5.06,11,P1141
2646869.69,715537.44,5.11,11,P1142
2646869.93,715537.19,5.14,11,P1143
2646870.16,715536.91,5.19,11,P1144
2646870.42,715536.67,5.24,11,P1145
2646870.7,715536.47,5.3,11,P1146
2646871.07,715536.29,5.37,11,P1147
2646871.41,715536.06,5.48,11,P1148
2646871.73,715535.76,5.62,11,P1149
2646872.08,715535.48,5.79,11,P1150
2646872.45,715535.22,5.97,11,P1151
2646872.86,715535.02,6.19,11,P1152
2646873.33,715534.85,6.42,11,P1153
2646873.87,715534.73,6.69,11,P1154
2646874.4,715534.58,6.96,11,P1155
2646874.98,715534.38,7.25,11,P1156
2646875.52,715534.13,7.55,11,P1157
2646876.15,715533.85,7.86,11,P1158
2646876.81,715533.53,8.18,11,P1159
2646877.57,715533.2,8.51,11,P1160
2646878.41,715532.88,8.83,11,P1161
2646879.32,715532.59,9.16,11,P1162
2646880.27,715532.3,9.49,11,P1163
2646881.26,715531.99,9.81,11,P1164
2646882.27,715531.75,10.12,11,P1165
2646883.32,715531.52,10.45,11,P1166
2646884.33,715531.35,10.78,11,P1167
2646885.39,715531.27,11.13,11,P1168
2646886.48,715531.28,11.48,11,P1169
2646887.58,715531.38,11.82,11,P1170
2646888.66,715531.57,12.15,11,P1171
2646889.75,715531.86,12.46,11,P1172
2646890.88,715532.31,12.73,11,P1173
2646892.03,715532.89,12.98,11,P1174
2646893.2,715533.55,13.2,11,P1175
2646894.32,715534.32,13.39,11,P1176
2646895.43,715535.2,13.53,11,P1177
2646896.51,715536.24,13.61,11,P1178
2646897.53,715537.45,13.65,11,P1179
2646898.57,715538.93,13.64,11,P1180
2646899.59,715540.65,13.58,11,P1181
2646900.59,715542.44,13.52,11,P1182
2646901.6,715544.22,13.5,11,P1183
2646902.65,715545.99,13.5,11,P1184
2646903.77,715547.73,13.53,11,P1185
2646904.94,715549.46,13.59,11,P1186
2646906.22,715551.15,13.69,11,P1187
2646907.61,715552.79,13.82,11,P1188
2646909.11,715554.37,13.99,11,P1189
2646910.66,715555.93,14.19,11,P1190
2646912.26,715557.48,14.43,11,P1191
2646913.92,715559.04,14.7,11,P1192
2646915.65,715560.61,14.97,11,P1193
2646917.46,715562.18,15.2,11,P1194
2646919.34,715563.69,15.38,11,P1195
2646921.3,715565.13,15.53,11,P1196
2646923.29,715566.47,15.65,11,P1197
2646925.33,715567.71,15.72,11,P1198
2646927.42,715568.9,15.76,11,P1199
2646929.57,715570.06,15.75,11,P1200
2646931.77,715571.23,15.72,11,P1201
2646934,715572.4,15.64,11,P1202
2646936.25,715573.63,15.53,11,P1203
2646938.51,715574.9,15.4,11,P1204
2646940.75,715576.26,15.25,11,P1205
2646942.94,715577.68,15.09,11,P1206
2646945.11,715579.22,14.91,11,P1207
2646947.28,715580.91,14.73,11,P1208
2646949.45,715582.72,14.53,11,P1209
2646951.62,715584.6,14.32,11,P1210
2646953.8,715586.54,14.11,11,P1211
2646956.03,715588.53,13.89,11,P1212
2646958.32,715590.49,13.68,11,P1213
2646960.66,715592.4,13.48,11,P1214
2646963.03,715594.22,13.28,11,P1215
2646965.43,715595.94,13.09,11,P1216
2646967.85,715597.58,12.98,11,P1217
2646970.28,715599.17,12.88,11,P1218
2646972.72,715600.72,12.78,11,P1219
2646975.13,715602.23,12.69,11,P1220
2646977.46,715603.7,12.61,11,P1221
2646983.45,715598.26,13.06,12,P1222
2646982.26,715597.1,13.16,12,P1223
2646981.04,715595.94,13.23,12,P1224
2646979.79,715594.78,13.32,12,P1225
2646978.55,715593.64,13.4,12,P1226
2646977.31,715592.5,13.5,12,P1227
2646976.04,715591.35,13.61,12,P1228
2646974.75,715590.21,13.79,12,P1229
2646973.46,715589.12,13.98,12,P1230
2646972.2,715588.07,14.2,12,P1231
2646970.96,715586.98,14.42,12,P1232
2646969.71,715585.83,14.66,12,P1233
2646968.46,715584.65,14.9,12,P1234
2646967.18,715583.45,15.15,12,P1235
2646965.85,715582.26,15.38,12,P1236
2646964.49,715581.09,15.61,12,P1237
2646963.09,715579.95,15.83,12,P1238
2646961.67,715578.83,16.03,12,P1239
2646960.22,715577.72,16.21,12,P1240
2646958.78,715576.58,16.38,12,P1241
2646957.34,715575.4,16.52,12,P1242
2646955.91,715574.19,16.66,12,P1243
2646954.48,715572.98,16.77,12,P1244
2646953.04,715571.73,16.87,12,P1245
2646951.58,715570.49,16.96,12,P1246
2646950.11,715569.24,17.04,12,P1247
2646948.63,715568.02,17.1,12,P1248
2646947.15,715566.8,17.16,12,P1249
2646945.66,715565.61,17.22,12,P1250
2646944.13,715564.4,17.27,12,P1251
2646942.55,715563.23,17.32,12,P1252
2646940.96,715562.15,17.36,12,P1253
2646939.38,715561.16,17.4,12,P1254
2646937.83,715560.22,17.44,12,P1255
2646936.27,715559.33,17.47,12,P1256
2646934.75,715558.44,17.49,12,P1257
2646931.71,715556.77,17.52,12,P1258
2646933.21,715557.59,17.54,12,P1259
2646930.26,715556.03,17.55,12,P1260
2646928.85,715555.34,17.56,12,P1261
2646927.49,715554.68,17.56,12,P1262
2646926.18,715554.06,17.56,12,P1263
2646924.92,715553.46,17.56,12,P1264
2646923.73,715552.9,17.55,12,P1265
2646922.61,715552.35,17.53,12,P1266
2646921.54,715551.78,17.51,12,P1267
2646920.52,715551.22,17.47,12,P1268
2646919.53,715550.61,17.42,12,P1269
2646918.55,715549.95,17.35,12,P1270
2646917.59,715549.27,17.26,12,P1271
2646916.65,715548.55,17.14,12,P1272
2646915.75,715547.8,17,12,P1273
2646914.88,715547.06,16.83,12,P1274
2646914.04,715546.31,16.63,12,P1275
2646913.23,715545.55,16.41,12,P1276
2646912.45,715544.78,16.17,12,P1277
2646911.68,715544,15.92,12,P1278
2646910.92,715543.21,15.66,12,P1279
2646910.19,715542.43,15.41,12,P1280
2646909.47,715541.64,15.17,12,P1281
2646908.74,715540.85,14.95,12,P1282
2646908.02,715540.06,14.75,12,P1283
2646907.32,715539.28,14.59,12,P1284
2646906.61,715538.52,14.47,12,P1285
2646905.92,715537.78,14.39,12,P1286
2646905.22,715537.03,14.35,12,P1287
2646904.53,715536.29,14.34,12,P1288
2646903.85,715535.57,14.36,12,P1289
2646903.18,715534.87,14.39,12,P1290
2646902.51,715534.17,14.44,12,P1291
2646901.85,715533.49,14.48,12,P1292
2646901.21,715532.82,14.51,12,P1293
2646900.57,715532.15,14.53,12,P1294
2646899.96,715531.48,14.52,12,P1295
2646899.37,715530.81,14.48,12,P1296
2646898.77,715530.15,14.39,12,P1297
2646898.18,715529.47,14.27,12,P1298
2646897.63,715528.79,14.1,12,P1299
2646897.09,715528.11,13.88,12,P1300
2646896.56,715527.43,13.63,12,P1301
2646896.03,715526.74,13.35,12,P1302
2646895.51,715526.06,13.02,12,P1303
2646895.01,715525.39,12.67,12,P1304
2646894.52,715524.73,12.29,12,P1305
2646894.05,715524.07,11.9,12,P1306
2646893.61,715523.41,11.5,12,P1307
2646893.18,715522.79,11.09,12,P1308
2646892.78,715522.17,10.69,12,P1309
2646892.37,715521.56,10.3,12,P1310
2646892,715520.97,9.94,12,P1311
2646891.63,715520.39,9.6,12,P1312
2646891.27,715519.83,9.28,12,P1313
2646890.92,715519.32,9,12,P1314
2646890.61,715518.82,8.84,12,P1315
2646890.33,715518.35,8.68,12,P1316
2646890.1,715517.9,8.54,12,P1317
2646889.87,715517.48,8.42,12,P1318
2646889.62,715517.05,8.31,12,P1319
2646888.74,715514.49,4.97,13,P1320
2646888.97,715514.6,5.27,13,P1321
2646889.23,715514.69,5.37,13,P1322
2646889.54,715514.83,5.47,13,P1323
2646889.87,715514.99,5.6,13,P1324
2646890.24,715515.13,5.71,13,P1325
2646890.64,715515.27,5.84,13,P1326
2646891.06,715515.44,6.08,13,P1327
2646891.48,715515.65,6.39,13,P1328
2646891.88,715515.86,6.7,13,P1329
2646892.26,715516.05,7.14,13,P1330
2646892.65,715516.27,7.46,13,P1331
2646893.01,715516.47,7.85,13,P1332
2646893.46,715516.64,8.35,13,P1333
2646894.03,715516.82,8.88,13,P1334
2646894.73,715516.96,9.5,13,P1335
2646895.56,715517.14,10.17,13,P1336
2646896.46,715517.35,10.91,13,P1337
2646897.42,715517.61,11.73,13,P1338
2646898.42,715517.93,12.4,13,P1339
2646899.49,715518.3,13.23,13,P1340
2646900.65,715518.77,13.95,13,P1341
2646901.87,715519.35,14.76,13,P1342
2646903.19,715520.02,15.55,13,P1343
2646904.61,715520.81,16.26,13,P1344
2646906.15,715521.68,16.94,13,P1345
2646907.79,715522.64,17.56,13,P1346
2646909.56,715523.68,18.12,13,P1347
2646911.44,715524.8,18.57,13,P1348
2646913.37,715526,19,13,P1349
2646915.35,715527.31,19.51,13,P1350
2646917.36,715528.72,19.88,13,P1351
2646919.36,715530.26,20.23,13,P1352
2646921.37,715531.94,20.59,13,P1353
2646923.36,715533.78,20.86,13,P1354
2646925.29,715535.74,21.09,13,P1355
2646927.18,715537.8,21.31,13,P1356
2646929.07,715539.91,21.36,13,P1357
2646930.99,715542.04,21.43,13,P1358
2646932.97,715544.13,21.51,13,P1359
2646934.99,715546.14,21.48,13,P1360
2646937.04,715548.08,21.37,13,P1361
2646939.12,715549.94,21.2,13,P1362
2646941.26,715551.77,20.97,13,P1363
2646943.44,715553.57,20.63,13,P1364
2646945.7,715555.35,20.36,13,P1365
2646948.05,715557.08,19.97,13,P1366
2646950.5,715558.74,19.55,13,P1367
2646953,715560.32,19.17,13,P1368
2646955.54,715561.86,18.73,13,P1369
2646958.09,715563.38,18.25,13,P1370
2646960.64,715564.96,17.79,13,P1371
2646963.17,715566.58,17.42,13,P1372
2646965.72,715568.31,16.98,13,P1373
2646968.3,715570.1,16.54,13,P1374
2646970.88,715571.96,16.1,13,P1375
2646973.47,715573.84,15.58,13,P1376
2646976.08,715575.77,15.05,13,P1377
2646978.67,715577.7,14.84,13,P1378
2646981.27,715579.66,14.64,13,P1379
2646983.87,715581.62,14.43,13,P1380
2646986.45,715583.62,14.23,13,P1381
2646988.99,715585.59,13.96,13,P1382
2647000.72,715579.13,12.63,14,P1383
2646998.9,715578.15,13.21,14,P1384
2646997.07,715577.14,13.46,14,P1385
2646995.24,715576.11,13.73,14,P1386
2646993.4,715575.02,14,14,P1387
2646991.52,715573.88,14.22,14,P1388
2646989.61,715572.68,14.42,14,P1389
2646987.65,715571.46,14.87,14,P1390
2646985.67,715570.24,15.28,14,P1391
2646983.67,715569.03,15.69,14,P1392
2646981.66,715567.83,16.09,14,P1393
2646979.6,715566.61,16.48,14,P1394
2646977.53,715565.39,16.83,14,P1395
2646975.42,715564.18,17.2,14,P1396
2646973.29,715562.97,17.55,14,P1397
2646971.12,715561.74,17.89,14,P1398
2646968.92,715560.5,18.34,14,P1399
2646966.71,715559.26,18.76,14,P1400
2646964.51,715558,19.21,14,P1401
2646962.31,715556.69,19.65,14,P1402
2646960.13,715555.37,20.12,14,P1403
2646958.05,715554.1,20.56,14,P1404
2646956.07,715552.89,21.01,14,P1405
2646954.23,715551.69,21.39,14,P1406
2646952.53,715550.47,21.69,14,P1407
2646950.98,715549.23,21.88,14,P1408
2646949.54,715548,22.09,14,P1409
2646948.16,715546.75,22.22,14,P1410
2646946.82,715545.49,22.37,14,P1411
2646945.55,715544.26,22.4,14,P1412
2646944.33,715543.07,22.47,14,P1413
2646943.14,715541.94,22.48,14,P1414
2646941.94,715540.88,22.47,14,P1415
2646940.72,715539.87,22.43,14,P1416
2646939.48,715538.96,22.41,14,P1417
2646938.23,715538.12,22.41,14,P1418
2646936.95,715537.36,22.45,14,P1419
2646935.67,715536.65,22.39,14,P1420
2646934.39,715535.96,22.31,14,P1421
2646933.09,715535.27,22.12,14,P1422
2646931.85,715534.59,21.93,14,P1423
2646930.65,715533.92,21.73,14,P1424
2646929.48,715533.2,21.54,14,P1425
2646928.32,715532.41,21.35,14,P1426
2646927.19,715531.54,21.17,14,P1427
2646926.08,715530.62,21.01,14,P1428
2646925,715529.69,20.83,14,P1429
2646923.96,715528.73,20.66,14,P1430
2646922.97,715527.75,20.51,14,P1431
2646922.02,715526.75,20.38,14,P1432
2646921.12,715525.74,20.3,14,P1433
2646920.27,715524.74,20.17,14,P1434
2646918.72,715522.78,20.03,14,P1435
2646918,715521.82,19.9,14,P1436
2646917.29,715520.89,19.73,14,P1437
2646916.6,715519.97,19.52,14,P1438
2646915.91,715519.1,19.34,14,P1439
2646915.23,715518.24,19.11,14,P1440
2646914.55,715517.45,18.81,14,P1441
2646913.89,715516.71,18.5,14,P1442
2646913.23,715516,18.18,14,P1443
2646912.56,715515.33,17.82,14,P1444
2646911.89,715514.71,17.47,14,P1445
2646911.21,715514.13,17.03,14,P1446
2646910.55,715513.6,16.55,14,P1447
2646909.89,715513.1,16.09,14,P1448
2646909.25,715512.62,15.65,14,P1449
2646908.61,715512.18,15.14,14,P1450
2646907.98,715511.75,14.6,14,P1451
2646907.38,715511.33,14.11,14,P1452
2646906.78,715510.91,13.56,14,P1453
2646906.17,715510.51,12.99,14,P1454
2646905.55,715510.12,12.44,14,P1455
2646904.91,715509.71,11.83,14,P1456
2646904.3,715509.31,11.29,14,P1457
2646903.68,715508.92,10.75,14,P1458
2646903.07,715508.54,10.14,14,P1459
2646902.49,715508.17,9.53,14,P1460
2646901.9,715507.81,8.9,14,P1461
2646901.34,715507.43,8.31,14,P1462
2646900.78,715507.06,7.73,14,P1463
2646900.25,715506.72,7.18,14,P1464
2646899.76,715506.43,6.64,14,P1465
2646899.3,715506.14,6.1,14,P1466
2646898.87,715505.87,5.64,14,P1467
2646898.45,715505.59,5.18,14,P1468
2646898.01,715505.3,4.92,14,P1469
2646897.58,715505.03,4.71,14,P1470
2646897.14,715504.77,4.46,14,P1471
2646896.73,715504.51,4.25,14,P1472
2646896.38,715504.28,4.06,14,P1473
2646905.18,715486.24,5.66,1,P1474
2646905.45,715484.88,6.18,1,P1475
2646905.75,715483.53,6.43,1,P1476
2646906.07,715482.19,6.88,1,P1477
2646906.36,715480.84,7.41,1,P1478
2646906.62,715479.53,7.79,1,P1479
2646907.1,715478.41,8.33,1,P1480
2646908.56,715476.23,9.11,1,P1481
2646909.59,715475.17,9.94,1,P1482
2646910.77,715474.15,10.72,1,P1483
2646911.95,715473.09,11.62,1,P1484
2646914.52,715470.66,12.51,1,P1485
2646913.27,715471.94,13.31,1,P1486
2646915.66,715469.26,14.11,1,P1487
2646916.63,715467.77,14.71,1,P1488
2646917.43,715466.26,15.18,1,P1489
2646918.05,715464.65,15.72,1,P1490
2646918.47,715463.01,16.04,1,P1491
2646918.79,715461.4,16.35,1,P1492
2646919.04,715459.78,16.62,1,P1493
2646919.27,715458.13,16.87,1,P1494
2646919.48,715456.55,17.04,1,P1495
2646919.77,715455.11,17.19,1,P1496
2646920.13,715453.75,17.28,1,P1497
2646920.58,715452.46,17.35,1,P1498
2646921.1,715451.22,17.42,1,P1499
2646921.73,715450.08,17.45,1,P1500
2646922.45,715449,17.43,1,P1501
2646923.21,715447.95,17.41,1,P1502
2646924.01,715446.9,17.36,1,P1503
2646924.86,715445.88,17.27,1,P1504
2646925.8,715444.87,17.19,1,P1505
2646926.79,715443.79,17.05,1,P1506
2646927.86,715442.63,16.89,1,P1507
2646928.97,715441.4,16.71,1,P1508
2646930.11,715440.06,16.61,1,P1509
2646931.21,715438.67,16.53,1,P1510
2646932.26,715437.37,16.46,1,P1511
2646933.21,715436.17,16.38,1,P1512
2646934.1,715435.09,16.29,1,P1513
2646896.62,715508.66,6.28,1,P1514
2646897.09,715508.77,6.64,1,P1515
2646897.59,715508.88,6.75,1,P1516
2646898,715508.94,6.91,1,P1517
2646898.51,715509,7.09,1,P1518
2646898.94,715509.01,7.21,1,P1519
2646899.4,715509,7.32,1,P1520
2646899.84,715508.96,7.57,1,P1521
2646900.31,715508.91,7.93,1,P1522
2646900.76,715508.83,8.23,1,P1523
2646901.23,715508.75,8.5,1,P1524
2646901.69,715508.64,8.74,1,P1525
2646902.17,715508.53,8.98,1,P1526
2646902.63,715508.42,9.21,1,P1527
2646903.07,715508.31,9.4,1,P1528
2646903.5,715508.18,9.69,1,P1529
2646903.95,715508.06,9.99,1,P1530
2646904.39,715507.9,10.34,1,P1531
2646904.83,715507.76,10.69,1,P1532
2646905.25,715507.61,10.91,1,P1533
2646905.66,715507.46,11.15,1,P1534
2646906.09,715507.31,11.47,1,P1535
2646906.51,715507.15,11.79,1,P1536
2646906.95,715507.03,12.24,1,P1537
2646907.38,715506.87,12.58,1,P1538
2646907.81,715506.77,12.96,1,P1539
2646908.24,715506.64,13.15,1,P1540
2646908.67,715506.53,13.43,1,P1541
2646909.1,715506.42,13.66,1,P1542
2646909.53,715506.3,13.91,1,P1543
2646909.96,715506.2,14.17,1,P1544
2646910.38,715506.09,14.5,1,P1545
2646910.81,715506,14.82,1,P1546
2646911.24,715505.92,15.07,1,P1547
2646911.65,715505.86,15.25,1,P1548
2646912.05,715505.8,15.62,1,P1549
2646912.45,715505.75,15.88,1,P1550
2646912.86,715505.75,16.28,1,P1551
2646913.25,715505.71,16.6,1,P1552
2646913.63,715505.75,16.91,1,P1553
2646913.99,715505.77,17.22,1,P1554
2646914.32,715505.84,17.53,1,P1555
2646914.65,715505.89,17.75,1,P1556
2646914.95,715506.01,17.92,1,P1557
2646915.25,715506.14,18.15,1,P1558
2646915.53,715506.31,18.46,1,P1559
2646915.79,715506.49,18.66,1,P1560
2646916.04,715506.73,18.86,1,P1561
2646916.3,715506.96,18.97,1,P1562
2646916.56,715507.25,19.04,1,P1563
2646916.87,715507.63,19.13,1,P1564
2646917.23,715508.07,19.22,1,P1565
2646917.65,715508.66,19.32,1,P1566
2646918.16,715509.4,19.43,1,P1567
2646901.23,715504.58,5.71,2,P1568
2646901.44,715503.45,5.61,2,P1569
2646901.63,715502.31,5.57,2,P1570
2646901.84,715501.18,5.51,2,P1571
2646902.06,715500.04,5.42,2,P1572
2646902.28,715498.94,5.34,2,P1573
2646902.56,715497.85,5.28,2,P1574
2646902.85,715496.75,5.2,2,P1575
2646903.13,715495.64,5.14,2,P1576
2646903.4,715494.53,5.07,2,P1577
2646903.68,715493.4,5.06,2,P1578
2646903.94,715492.3,5.09,2,P1579
2646904.29,715491.25,5.07,2,P1580
2646904.6,715490.18,5.08,2,P1581
2646904.91,715489.08,5.14,2,P1582
2646905.19,715487.97,5.25,2,P1583
2646905.47,715486.87,5.39,2,P1584
2646905.75,715485.75,5.57,2,P1585
2646906.04,715484.63,5.73,2,P1586
2646906.34,715483.48,5.99,2,P1587
2646906.64,715482.27,6.33,2,P1588
2646906.98,715481.03,6.83,2,P1589
2646907.38,715479.83,7.48,2,P1590
2646908.03,715478.72,8.23,2,P1591
2646908.9,715477.66,9.09,2,P1592
2646910,715476.66,9.91,2,P1593
2646911.28,715475.71,10.88,2,P1594
2646912.75,715474.75,11.87,2,P1595
2646914.27,715473.82,12.83,2,P1596
2646915.88,715472.95,13.82,2,P1597
2646917.46,715472,14.73,2,P1598
2646919.08,715471.01,15.55,2,P1599
2646920.6,715469.9,16.18,2,P1600
2646922,715468.74,16.7,2,P1601
2646923.2,715467.5,17.12,2,P1602
2646924.18,715466.22,17.38,2,P1603
2646924.9,715464.91,17.63,2,P1604
2646925.43,715463.63,17.71,2,P1605
2646925.82,715462.34,17.74,2,P1606
2646926.14,715461.01,17.76,2,P1607
2646926.38,715459.59,17.73,2,P1608
2646926.53,715458.08,17.66,2,P1609
2646926.59,715456.49,17.59,2,P1610
2646926.64,715454.83,17.52,2,P1611
2646926.62,715453.13,17.43,2,P1612
2646926.58,715451.37,17.34,2,P1613
2646926.55,715449.55,17.27,2,P1614
2646926.54,715447.77,17.19,2,P1615
2646926.64,715446.04,17.11,2,P1616
2646926.83,715444.42,17.02,2,P1617
2646927.14,715442.97,16.92,2,P1618
2646927.94,715440.43,16.8,2,P1619
2646928.47,715439.37,16.66,2,P1620
2646929.1,715438.34,16.52,2,P1621
2646929.85,715437.29,16.37,2,P1622
2646930.69,715436.21,16.19,2,P1623
2646931.6,715435.11,15.97,2,P1624
2646932.6,715433.94,15.72,2,P1625
2646933.68,715432.72,15.45,2,P1626
2646934.82,715431.41,15.17,2,P1627
2646935.98,715430.05,14.88,2,P1628
2646937.18,715428.67,14.58,2,P1629
2646938.4,715427.19,14.27,2,P1630
2646939.65,715425.65,13.97,2,P1631
2646940.93,715424.05,13.67,2,P1632
2646942.23,715422.39,13.36,2,P1633
2646943.54,715420.67,13.06,2,P1634
2646944.89,715418.89,12.78,2,P1635
2646946.24,715417.08,12.51,2,P1636
2646947.59,715415.2,12.25,2,P1637
2646948.95,715413.28,11.98,2,P1638
2646950.31,715411.31,11.7,2,P1639
2646951.68,715409.32,11.41,2,P1640
2646953.04,715407.29,11.12,2,P1641
2646954.38,715405.23,10.84,2,P1642
2646955.73,715403.13,10.56,2,P1643
2646957.05,715400.98,10.31,2,P1644
2646958.33,715398.81,10.08,2,P1645
2646959.58,715396.61,9.86,2,P1646
2646960.8,715394.4,9.73,2,P1647
2646962,715392.15,9.6,2,P1648
2646963.19,715389.86,9.48,2,P1649
2646964.37,715387.56,9.39,2,P1650
2646965.55,715385.23,9.32,2,P1651
2646935.41,715400.17,13.43,3,P1652
2646934.64,715401.6,13.58,3,P1653
2646933.86,715403.02,13.65,3,P1654
2646933.08,715404.39,13.74,3,P1655
2646932.28,715405.75,13.84,3,P1656
2646931.47,715407.1,13.94,3,P1657
2646930.67,715408.44,14.05,3,P1658
2646929.88,715409.75,14.23,3,P1659
2646929.09,715411.05,14.43,3,P1660
2646928.3,715412.33,14.63,3,P1661
2646927.51,715413.59,14.84,3,P1662
2646925.96,715416.09,15.05,3,P1663
2646926.74,715414.83,15.26,3,P1664
2646925.19,715417.33,15.46,3,P1665
2646924.44,715418.57,15.63,3,P1666
2646923.69,715419.8,15.76,3,P1667
2646922.2,715422.23,15.86,3,P1668
2646922.94,715421.02,15.91,3,P1669
2646921.46,715423.43,15.92,3,P1670
2646920.72,715424.62,15.89,3,P1671
2646920.01,715425.83,15.83,3,P1672
2646919.31,715427.03,15.72,3,P1673
2646918.63,715428.25,15.58,3,P1674
2646917.94,715429.5,15.4,3,P1675
2646917.31,715430.72,15.19,3,P1676
2646916.71,715431.95,14.98,3,P1677
2646916.14,715433.17,14.81,3,P1678
2646915.58,715434.41,14.68,3,P1679
2646915.07,715435.59,14.6,3,P1680
2646914.6,715436.74,14.55,3,P1681
2646914.17,715437.83,14.54,3,P1682
2646913.77,715438.89,14.56,3,P1683
2646913.39,715439.92,14.62,3,P1684
2646913.04,715440.92,14.71,3,P1685
2646912.71,715441.88,14.83,3,P1686
2646912.38,715442.82,14.97,3,P1687
2646912.08,715443.77,15.11,3,P1688
2646911.84,715444.7,15.19,3,P1689
2646911.6,715445.62,15.23,3,P1690
2646911.36,715446.56,15.23,3,P1691
2646911.15,715447.45,15.17,3,P1692
2646910.97,715448.39,15.07,3,P1693
2646910.73,715449.32,14.93,3,P1694
2646910.45,715450.26,14.75,3,P1695
2646910.18,715451.22,14.52,3,P1696
2646909.96,715452.17,14.26,3,P1697
2646909.75,715453.14,13.96,3,P1698
2646909.53,715454.13,13.64,3,P1699
2646909.31,715455.07,13.31,3,P1700
2646909.11,715456.05,12.97,3,P1701
2646908.93,715457,12.62,3,P1702
2646908.77,715457.98,12.26,3,P1703
2646908.62,715458.94,11.9,3,P1704
2646908.46,715459.91,11.54,3,P1705
2646908.34,715460.89,11.17,3,P1706
2646908.23,715461.82,10.8,3,P1707
2646908.1,715462.77,10.43,3,P1708
2646908,715463.67,10.07,3,P1709
2646907.93,715464.59,9.71,3,P1710
2646907.89,715465.48,9.36,3,P1711
2646907.82,715466.35,9.03,3,P1712
2646907.73,715467.14,8.71,3,P1713
2646907.6,715467.85,8.41,3,P1714
2646907.44,715468.55,8.13,3,P1715
2646907.29,715469.21,7.87,3,P1716
2646907.14,715469.88,7.64,3,P1717
2646907,715470.49,7.43,3,P1718
2646906.86,715471.05,7.24,3,P1719
2646906.72,715471.57,7.07,3,P1720
2646906.61,715472.06,6.98,3,P1721
2646906.54,715472.55,6.89,3,P1722
2646906.5,715473,6.82,3,P1723
2646906.47,715473.43,6.75,3,P1724
2646906.44,715473.85,6.69,3,P1725
2646904.52,715472.59,5.36,4,P1726
2646904.71,715472.22,5.49,4,P1727
2646904.88,715471.79,5.77,4,P1728
2646905.01,715471.27,5.97,4,P1729
2646905.06,715470.66,6.02,4,P1730
2646904.99,715470,6.05,4,P1731
2646904.88,715469.34,6.12,4,P1732
2646904.74,715468.8,6.28,4,P1733
2646904.7,715468.33,6.47,4,P1734
2646904.72,715467.95,6.64,4,P1735
2646904.83,715467.64,6.81,4,P1736
2646904.98,715467.35,6.98,4,P1737
2646905.16,715467.03,7.22,4,P1738
2646905.33,715466.65,7.35,4,P1739
2646905.51,715466.22,7.49,4,P1740
2646905.68,715465.73,7.76,4,P1741
2646905.86,715465.24,8.11,4,P1742
2646906.02,715464.74,8.44,4,P1743
2646906.21,715464.22,8.79,4,P1744
2646906.38,715463.69,9.15,4,P1745
2646906.57,715463.14,9.51,4,P1746
2646906.79,715462.58,9.93,4,P1747
2646907,715461.98,10.38,4,P1748
2646907.24,715461.32,10.83,4,P1749
2646907.48,715460.58,11.21,4,P1750
2646907.73,715459.8,11.62,4,P1751
2646908.02,715458.98,12.1,4,P1752
2646908.34,715458.15,12.57,4,P1753
2646908.73,715457.38,12.98,4,P1754
2646909.19,715456.69,13.38,4,P1755
2646909.69,715456,13.83,4,P1756
2646910.21,715455.23,14.27,4,P1757
2646910.75,715454.35,14.64,4,P1758
2646911.27,715453.35,15.03,4,P1759
2646911.78,715452.26,15.39,4,P1760
2646912.25,715451.1,15.76,4,P1761
2646912.69,715449.86,16.08,4,P1762
2646913.08,715448.58,16.31,4,P1763
2646913.46,715447.32,16.49,4,P1764
2646913.85,715446.06,16.69,4,P1765
2646914.27,715444.79,16.87,4,P1766
2646914.76,715443.57,16.99,4,P1767
2646915.31,715442.41,17.04,4,P1768
2646915.93,715441.28,17.08,4,P1769
2646916.65,715440.13,17.05,4,P1770
2646917.46,715438.92,16.99,4,P1771
2646918.34,715437.62,16.93,4,P1772
2646919.3,715436.24,16.87,4,P1773
2646920.3,715434.79,16.82,4,P1774
2646921.32,715433.26,16.72,4,P1775
2646922.34,715431.68,16.57,4,P1776
2646923.33,715430.03,16.42,4,P1777
2646924.27,715428.35,16.28,4,P1778
2646925.18,715426.65,16.12,4,P1779
2646926.06,715424.91,15.92,4,P1780
2646926.89,715423.2,15.71,4,P1781
2646927.66,715421.54,15.51,4,P1782
2646928.39,715419.92,15.3,4,P1783
2646929.08,715418.33,15.08,4,P1784
2646929.75,715416.79,14.81,4,P1785
2646930.38,715415.35,14.56,4,P1786
2646930.95,715414.03,14.3,4,P1787
2646931.51,715412.81,13.99,4,P1788
2646932.09,715411.64,13.68,4,P1789
2646932.71,715410.54,13.38,4,P1790
2646933.39,715409.49,13.14,4,P1791
2646934.11,715408.49,12.91,4,P1792
2646935.72,715406.63,12.7,4,P1793
2646934.88,715407.54,12.48,4,P1794
2646936.63,715405.76,12.26,4,P1795
2646937.6,715404.94,12.07,4,P1796
2646938.62,715404.14,11.89,4,P1797
2646939.69,715403.35,11.75,4,P1798
2646940.84,715402.54,11.66,4,P1799
2646942.02,715401.73,11.55,4,P1800
2646943.2,715400.89,11.43,4,P1801
2646944.34,715400.03,11.31,4,P1802
2646945.42,715399.17,11.19,4,P1803
2646946.42,715398.3,11.05,4,P1804
2646947.34,715397.44,10.92,4,P1805
2646948.19,715396.57,10.78,4,P1806
2646948.97,715395.7,10.64,4,P1807
2646949.68,715394.82,10.5,4,P1808
2646950.34,715393.96,10.36,4,P1809
2646950.99,715393.07,10.22,4,P1810
2646951.64,715392.1,10.1,4,P1811
2646952.27,715391.05,9.99,4,P1812
2646952.92,715389.92,9.89,4,P1813
2646953.56,715388.7,9.8,4,P1814
2646954.19,715387.4,9.74,4,P1815
2646954.82,715386.03,9.69,4,P1816
2646955.44,715384.59,9.64,4,P1817
2646956.07,715383.11,9.59,4,P1818
2646956.7,715381.63,9.56,4,P1819
2646927.49,715357.22,11.77,5,P1820
2646927.1,715358.12,11.83,5,P1821
2646926.66,715359.01,11.85,5,P1822
2646926.19,715359.94,11.88,5,P1823
2646925.71,715360.91,11.9,5,P1824
2646925.21,715361.93,11.93,5,P1825
2646924.71,715363.01,11.96,5,P1826
2646924.23,715364.14,12.01,5,P1827
2646923.23,715366.45,12.09,5,P1828
2646922.69,715367.66,12.16,5,P1829
2646922.14,715368.92,12.23,5,P1830
2646921.55,715370.22,12.32,5,P1831
2646920.93,715371.59,12.4,5,P1832
2646920.32,715373.03,12.49,5,P1833
2646919.69,715374.54,12.58,5,P1834
2646919.1,715376.09,12.69,5,P1835
2646918.53,715377.71,12.77,5,P1836
2646918,715379.41,12.85,5,P1837
2646917.48,715381.16,12.93,5,P1838
2646916.97,715382.96,12.99,5,P1839
2646916.49,715384.82,13.06,5,P1840
2646916.01,715386.74,13.14,5,P1841
2646915.52,715388.73,13.21,5,P1842
2646914.99,715390.69,13.28,5,P1843
2646914.48,715392.55,13.36,5,P1844
2646913.94,715394.32,13.45,5,P1845
2646913.38,715395.97,13.51,5,P1846
2646912.84,715397.49,13.61,5,P1847
2646912.29,715398.94,13.71,5,P1848
2646911.71,715400.3,13.82,5,P1849
2646911.12,715401.62,13.94,5,P1850
2646910.51,715402.89,14.07,5,P1851
2646909.88,715404.12,14.18,5,P1852
2646909.22,715405.34,14.34,5,P1853
2646908.53,715406.55,14.46,5,P1854
2646907.84,715407.76,14.58,5,P1855
2646907.19,715408.92,14.7,5,P1856
2646906.53,715410.07,14.84,5,P1857
2646905.92,715411.23,14.96,5,P1858
2646905.33,715412.4,15.08,5,P1859
2646904.74,715413.58,15.19,5,P1860
2646904.18,715414.75,15.3,5,P1861
2646903.67,715415.89,15.41,5,P1862
2646903.18,715417.01,15.5,5,P1863
2646902.72,715418.09,15.56,5,P1864
2646902.3,715419.16,15.65,5,P1865
2646901.93,715420.2,15.72,5,P1866
2646901.56,715421.16,15.8,5,P1867
2646901.23,715422.09,15.85,5,P1868
2646900.9,715423.04,15.91,5,P1869
2646900.6,715423.95,15.97,5,P1870
2646900.3,715424.88,16.04,5,P1871
2646899.97,715425.82,16.07,5,P1872
2646899.63,715426.77,16.08,5,P1873
2646899.28,715427.72,16.08,5,P1874
2646898.93,715428.67,16.06,5,P1875
2646898.59,715429.61,16.02,5,P1876
2646898.25,715430.55,15.98,5,P1877
2646897.93,715431.47,15.93,5,P1878
2646897.61,715432.34,15.87,5,P1879
2646897.29,715433.21,15.77,5,P1880
2646896.97,715434.06,15.63,5,P1881
2646896.64,715434.92,15.41,5,P1882
2646896.29,715435.78,15.2,5,P1883
2646895.95,715436.61,14.96,5,P1884
2646895.6,715437.43,14.72,5,P1885
2646895.27,715438.23,14.43,5,P1886
2646894.96,715439.02,14.13,5,P1887
2646894.65,715439.84,13.79,5,P1888
2646894.36,715440.65,13.41,5,P1889
2646894.09,715441.49,13.04,5,P1890
2646893.87,715442.29,12.67,5,P1891
2646893.69,715443.08,12.3,5,P1892
2646893.54,715443.86,11.94,5,P1893
2646893.43,715444.6,11.54,5,P1894
2646893.34,715445.34,11.2,5,P1895
2646893.3,715446.09,10.86,5,P1896
2646893.29,715446.83,10.56,5,P1897
2646893.31,715447.55,10.25,5,P1898
2646893.34,715448.27,9.96,5,P1899
2646893.36,715448.98,9.71,5,P1900
2646893.38,715449.66,9.44,5,P1901
2646893.43,715450.34,9.24,5,P1902
2646893.48,715451.03,9.06,5,P1903
2646893.54,715451.72,8.93,5,P1904
2646893.63,715452.39,8.78,5,P1905
2646893.74,715453.05,8.63,5,P1906
2646893.86,715453.72,8.47,5,P1907
2646894.03,715454.36,8.31,5,P1908
2646894.21,715455.03,8.2,5,P1909
2646894.43,715455.68,8.1,5,P1910
2646894.66,715456.33,7.99,5,P1911
2646894.89,715456.96,7.86,5,P1912
2646895.12,715457.58,7.71,5,P1913
2646895.31,715458.18,7.51,5,P1914
2646895.46,715458.73,7.32,5,P1915
2646895.55,715459.21,7.18,5,P1916
2646895.59,715459.66,7.06,5,P1917
2646895.56,715460.1,6.93,5,P1918
2646895.46,715460.47,6.8,5,P1919
2646895.33,715460.78,6.66,5,P1920
2646895.14,715461.06,6.53,5,P1921
2646894.93,715461.28,6.4,5,P1922
2646894.71,715461.5,6.3,5,P1923
2646894.51,715461.72,6.18,5,P1924
2646894.36,715461.95,6.08,5,P1925
2646894.25,715462.22,5.96,5,P1926
2646894.17,715462.53,5.91,5,P1927
2646894.13,715462.85,5.85,5,P1928
2646894.12,715463.19,5.8,5,P1929
2646894.16,715463.54,5.74,5,P1930
2646894.22,715463.91,5.68,5,P1931
2646903.81,715450.97,14.73,6,P1932
2646903.69,715449.92,15.04,6,P1933
2646903.64,715448.85,15.19,6,P1934
2646903.65,715447.78,15.28,6,P1935
2646903.74,715446.7,15.34,6,P1936
2646903.92,715445.59,15.4,6,P1937
2646904.21,715444.36,15.47,6,P1938
2646904.57,715443.06,15.63,6,P1939
2646905,715441.7,15.77,6,P1940
2646905.41,715440.34,15.91,6,P1941
2646905.81,715439.02,15.95,6,P1942
2646906.19,715437.73,15.98,6,P1943
2646906.52,715436.43,15.97,6,P1944
2646906.79,715435.1,15.93,6,P1945
2646907.01,715433.7,15.9,6,P1946
2646907.22,715432.23,15.87,6,P1947
2646907.39,715430.7,15.81,6,P1948
2646907.55,715429.11,15.72,6,P1949
2646907.69,715427.49,15.62,6,P1950
2646907.79,715425.88,15.52,6,P1951
2646907.88,715424.23,15.43,6,P1952
2646907.96,715422.61,15.34,6,P1953
2646908.02,715421.05,15.24,6,P1954
2646908.1,715419.57,15.14,6,P1955
2646908.21,715418.19,15.03,6,P1956
2646908.35,715416.93,14.93,6,P1957
2646908.55,715415.79,14.82,6,P1958
2646908.82,715414.76,14.7,6,P1959
2646909.19,715413.79,14.58,6,P1960
2646909.65,715412.87,14.45,6,P1961
2646910.21,715412,14.33,6,P1962
2646910.89,715411.13,14.19,6,P1963
2646911.74,715410.28,14.05,6,P1964
2646912.69,715409.37,13.91,6,P1965
2646913.72,715408.41,13.77,6,P1966
2646914.81,715407.38,13.64,6,P1967
2646915.96,715406.3,13.49,6,P1968
2646917.11,715405.15,13.34,6,P1969
2646918.29,715403.92,13.19,6,P1970
2646919.46,715402.62,13.03,6,P1971
2646920.64,715401.25,12.86,6,P1972
2646921.78,715399.79,12.69,6,P1973
2646922.9,715398.29,12.52,6,P1974
2646923.99,715396.73,12.35,6,P1975
2646925.06,715395.12,12.17,6,P1976
2646926.11,715393.45,12.01,6,P1977
2646927.14,715391.73,11.84,6,P1978
2646928.14,715389.96,11.69,6,P1979
2646929.1,715388.12,11.57,6,P1980
2646930.05,715386.26,11.44,6,P1981
2646930.96,715384.34,11.35,6,P1982
2646931.82,715382.36,11.28,6,P1983
2646932.61,715380.34,11.21,6,P1984
2646933.32,715378.29,11.16,6,P1985
2646933.96,715376.23,11.12,6,P1986
2646934.55,715374.18,11.06,6,P1987
2646935.12,715372.14,11.01,6,P1988
2646935.69,715370.13,10.95,6,P1989
2646936.3,715368.17,10.87,6,P1990
2646936.96,715366.22,10.78,6,P1991
2646937.71,715364.28,10.68,6,P1992
2646938.53,715362.37,10.64,6,P1993
2646939.45,715360.48,10.59,6,P1994
2646940.48,715358.58,10.54,6,P1995
2646941.62,715356.66,10.47,6,P1996
2646942.84,715354.74,10.4,6,P1997
2646744.44,715619.14,4.97,7,P1998
2646744.87,715618.34,4.99,7,P1999
2646745.37,715617.61,5.01,7,P2000
2646745.9,715616.91,5.04,7,P2001
2646746.47,715616.26,5.07,7,P2002
2646747.11,715615.66,5.1,7,P2003
2646747.84,715615.09,5.14,7,P2004
2646748.65,715614.53,5.2,7,P2005
2646749.56,715614.03,5.28,7,P2006
2646750.5,715613.54,5.37,7,P2007
2646751.48,715613.09,5.47,7,P2008
2646752.52,715612.67,5.58,7,P2009
2646753.64,715612.29,5.71,7,P2010
2646754.86,715611.95,5.85,7,P2011
2646756.19,715611.63,6,7,P2012
2646757.67,715611.37,6.16,7,P2013
2646759.27,715611.15,6.32,7,P2014
2646760.95,715610.97,6.5,7,P2015
2646762.72,715610.84,6.69,7,P2016
2646764.57,715610.74,6.88,7,P2017
2646766.5,715610.69,7.07,7,P2018
2646768.48,715610.68,7.26,7,P2019
2646770.54,715610.7,7.45,7,P2020
2646772.62,715610.76,7.63,7,P2021
2646774.78,715610.87,7.81,7,P2022
2646777,715610.99,7.98,7,P2023
2646779.27,715611.11,8.14,7,P2024
2646781.56,715611.22,8.29,7,P2025
2646783.89,715611.34,8.42,7,P2026
2646786.23,715611.42,8.54,7,P2027
2646788.6,715611.46,8.64,7,P2028
2646790.98,715611.43,8.72,7,P2029
2646793.36,715611.37,8.79,7,P2030
2646795.71,715611.18,8.84,7,P2031
2646798.06,715610.93,8.89,7,P2032
2646800.36,715610.56,8.92,7,P2033
2646802.61,715610.07,8.95,7,P2034
2646804.82,715609.44,8.97,7,P2035
2646806.95,715608.7,8.99,7,P2036
2646809.04,715607.85,9.01,7,P2037
2646811.12,715606.96,9.04,7,P2038
2646813.15,715605.92,9.07,7,P2039
2646815.14,715604.76,9.1,7,P2040
2646817.04,715603.5,9.14,7,P2041
2646818.9,715602.16,9.19,7,P2042
2646820.68,715600.73,9.24,7,P2043
2646822.41,715599.2,9.29,7,P2044
2646824.09,715597.59,9.35,7,P2045
2646825.71,715595.93,9.41,7,P2046
2646827.3,715594.22,9.47,7,P2047
2646828.84,715592.46,9.53,7,P2048
2646830.37,715590.66,9.59,7,P2049
2646831.9,715588.81,9.65,7,P2050
2646833.43,715586.99,9.71,7,P2051
2646834.96,715585.13,9.76,7,P2052
2646836.51,715583.26,9.8,7,P2053
2646838.09,715581.37,9.84,7,P2054
2646839.68,715579.5,9.87,7,P2055
2646841.29,715577.61,9.9,7,P2056
2646842.92,715575.72,9.91,7,P2057
2646844.57,715573.83,9.92,7,P2058
2646846.23,715571.94,9.92,7,P2059
2646847.91,715570.04,9.91,7,P2060
2646849.6,715568.12,9.89,7,P2061
2646851.31,715566.2,9.85,7,P2062
2646853.05,715564.27,9.81,7,P2063
2646854.79,715562.32,9.75,7,P2064
2646856.51,715560.33,9.69,7,P2065
2646858.23,715558.31,9.63,7,P2066
2646859.96,715556.27,9.56,7,P2067
2646861.69,715554.19,9.48,7,P2068
2646863.42,715552.12,9.4,7,P2069
2646865.17,715550.04,9.33,7,P2070
2646866.94,715547.96,9.25,7,P2071
2646868.72,715545.86,9.18,7,P2072
2646870.52,715543.75,9.11,7,P2073
2646872.33,715541.6,9.04,7,P2074
2646874.14,715539.46,8.97,7,P2075
2646875.98,715537.32,8.9,7,P2076
2646877.82,715535.17,8.83,7,P2077
2646879.68,715532.99,8.75,7,P2078
2646881.53,715530.84,8.68,7,P2079
2646883.38,715528.68,8.59,7,P2080
2646885.26,715526.51,8.5,7,P2081
2646887.09,715524.33,8.41,7,P2082
2646888.93,715522.16,8.3,7,P2083
2646890.73,715519.98,8.2,7,P2084
2646892.53,715517.79,8.09,7,P2085
2646894.26,715515.57,7.97,7,P2086
2646895.97,715513.35,7.86,7,P2087
2646897.61,715511.1,7.75,7,P2088
2646899.2,715508.83,7.64,7,P2089
2646900.69,715506.51,7.53,7,P2090
2646902.08,715504.17,7.44,7,P2091
2646903.35,715501.81,7.35,7,P2092
2646904.5,715499.43,7.26,7,P2093
2646905.49,715497.03,7.18,7,P2094
2646906.3,715494.61,7.11,7,P2095
2646906.95,715492.2,7.05,7,P2096
2646907.46,715489.8,6.99,7,P2097
2646907.86,715487.39,6.94,7,P2098
2646908.1,715484.99,6.9,7,P2099
2646908.18,715482.65,6.86,7,P2100
2646908.12,715480.39,6.82,7,P2101
2646907.95,715478.21,6.79,7,P2102
2646907.73,715476.16,6.76,7,P2103
2646907.4,715474.27,6.75,7,P2104
2646906.94,715472.55,6.75,7,P2105
2646906.38,715470.98,6.77,7,P2106
2646905.73,715469.64,6.8,7,P2107
2646905.02,715468.47,6.84,7,P2108
2646904.32,715467.37,6.9,7,P2109
2646903.6,715466.3,6.98,7,P2110
2646902.9,715465.24,7.08,7,P2111
2646902.18,715464.2,7.2,7,P2112
2646901.47,715463.16,7.33,7,P2113
2646900.74,715462.12,7.46,7,P2114
2646900.02,715461.09,7.6,7,P2115
2646899.29,715460.05,7.74,7,P2116
2646898.54,715459.01,7.88,7,P2117
2646897.75,715457.96,8,7,P2118
2646896.98,715456.93,8.12,7,P2119
2646896.19,715455.86,8.23,7,P2120
2646895.35,715454.78,8.32,7,P2121
2646894.45,715453.69,8.39,7,P2122
2646893.52,715452.6,8.46,7,P2123
2646892.58,715451.51,8.51,7,P2124
2646891.6,715450.43,8.55,7,P2125
2646890.58,715449.33,8.59,7,P2126
2646889.44,715448.3,8.63,7,P2127
2646888.2,715447.35,8.67,7,P2128
2646886.89,715446.47,8.72,7,P2129
2646885.55,715445.65,8.78,7,P2130
2646884.22,715444.87,8.85,7,P2131
2646882.88,715444.13,8.94,7,P2132
2646881.55,715443.33,9.05,7,P2133
2646880.26,715442.47,9.17,7,P2134
2646878.98,715441.62,9.31,7,P2135
2646877.74,715440.71,9.47,7,P2136
2646876.48,715439.76,9.64,7,P2137
2646875.27,715438.75,9.82,7,P2138
2646874.08,715437.7,10,7,P2139
2646872.87,715436.58,10.17,7,P2140
2646871.66,715435.44,10.34,7,P2141
2646870.43,715434.29,10.51,7,P2142
2646869.18,715433.17,10.6,7,P2143
2646867.92,715432.1,10.69,7,P2144
2646866.66,715431.07,10.78,7,P2145
2646865.43,715430.09,10.85,7,P2146
2646864.17,715429.13,10.92,7,P2147
