771401,2575325.1,6.509
771400,2575325.7,6.432
771396,2575328,6.263
771396,2575328,5.704
771392,2575330.4,5.538
771389.3,2575332,3.016
771388,2575332.8,2.996
771384,2575335.1,1.46
771382.5,2575336,1.096
771380,2575337.5,-1.848
771376,2575339.8,-4.242
771375.7,2575340,-4.377
771372,2575342.2,-6.325
771369,2575344,-7.6
771368,2575344.6,-7.913
771364,2575346.9,-9.375
771362.2,2575348,-9.98
771360,2575349.3,-10.618
771356,2575351.7,-11.36
771355.4,2575352,-11.451
771352,2575354,-11.848
771348.6,2575356,-12.394
771348,2575356.4,-12.489
771344,2575358.7,-13.287
771341.9,2575360,-13.737
771340,2575361.1,-14.189
771336,2575363.5,-15.059
771335.1,2575364,-15.193
771332,2575365.8,-15.674
771328.3,2575368,-15.82
771328,2575368.2,-15.823
771324,2575370.6,-15.48
771321.6,2575372,-15.124
771320,2575372.9,-14.887
771316,2575375.3,-14.072
771314.8,2575376,-13.747
771312,2575377.6,-12.915
771308,2575380,-11.782
771308,2575380,-11.779
771304,2575382.4,-10.775
771301.2,2575384,-10.149
771300,2575384.7,-9.901
771296,2575387.1,-9.061
771294.5,2575388,-8.691
771292,2575389.5,-8.115
771288,2575391.8,-7.256
771287.7,2575392,-7.206
771284,2575394.2,-6.77
771280.9,2575396,-6.456
771280,2575396.5,-6.352
771276,2575398.9,-5.88
771274.2,2575400,-5.684
771272,2575401.3,-5.453
771268,2575403.6,-5.076
771267.4,2575404,-5.017
771264,2575406,-4.714
771260.6,2575408,-4.44
771260,2575408.4,-4.393
771256,2575410.7,-4.121
771253.8,2575412,-4.007
771252,2575413.1,-3.908
771248,2575415.4,-3.728
771247.1,2575416,-3.688
771244,2575417.8,-3.597
771240.3,2575420,-3.462
771240,2575420.2,-3.449
771236,2575422.5,-3.256
771233.5,2575424,-3.113
771232,2575424.9,-3.023
771228,2575427.3,-2.878
771226.8,2575428,-2.815
771225,2575429,-2.727
771393.7,2575306.1,6.509
771392,2575307,6.432
771390.2,2575308,6.263
771388,2575309.2,5.704
771384,2575311.4,5.538
771382.8,2575312,3.016
771380,2575313.5,2.996
771376,2575315.7,1.46
771375.4,2575316,1.096
771372,2575317.9,-1.485
771368.1,2575320,-3.736
771368,2575320,-3.778
771364,2575322.2,-5.695
771360.7,2575324,-7.7
771360,2575324.4,-8.111
771356,2575326.6,-10.2
771353.4,2575328,-11.162
771352,2575328.7,-11.606
771348,2575330.9,-12.722
771346,2575332,-13.021
771344,2575333.1,-13.296
771340,2575335.3,-13.785
771338.6,2575336,-14.174
771336,2575337.4,-14.816
771332,2575339.6,-16.071
771331.3,2575340,-16.186
771328,2575341.8,-16.625
771324,2575343.9,-16.963
771323.9,2575344,-16.965
771320,2575346.1,-17.078
771316.5,2575348,-16.965
771316,2575348.3,-16.94
771312,2575350.5,-16.482
771309.2,2575352,-16.044
771308,2575352.6,-15.833
771304,2575354.8,-15.097
771301.8,2575356,-14.526
771300,2575357,-13.994
771296,2575359.2,-13.028
771294.5,2575360,-12.55
771292,2575361.3,-11.774
771288,2575363.5,-10.894
771287.1,2575364,-10.719
771284,2575365.7,-10.086
771280,2575367.9,-9.268
771279.7,2575368,-9.214
771276,2575370,-8.436
771272.4,2575372,-7.662
771272,2575372.2,-7.585
771268,2575374.4,-6.784
771265,2575376,-6.291
771264,2575376.5,-6.121
771260,2575378.7,-5.486
771257.6,2575380,-5.262
771256,2575380.9,-5.106
771252,2575383.1,-4.776
771250.3,2575384,-4.635
771248,2575385.2,-4.456
771244,2575387.4,-4.169
771242.9,2575388,-4.084
771240,2575389.6,-3.878
771236,2575391.8,-3.619
771235.6,2575392,-3.588
771232,2575393.9,-3.368
771228.2,2575396,-3.148
771228,2575396.1,-3.136
771224,2575398.3,-2.932
771220.8,2575400,-2.779
771220,2575400.5,-2.739
771216,2575402.6,-2.562
771213.5,2575404,-2.425
771212,2575404.8,-2.345
771209.5,2575406.2,-2.224
771384.2,2575289.3,6.596
771384,2575289.4,6.519
771380,2575291.4,6.35
771378.8,2575292,5.791
771376,2575293.4,5.625
771372,2575295.4,3.103
771370.8,2575296,3.083
771368,2575297.4,1.547
771364,2575299.4,1.183
771362.8,2575300,-0.028
771360,2575301.4,-1.506
771356,2575303.4,-3.787
771354.9,2575304,-4.156
771352,2575305.4,-5.309
771348,2575307.5,-6.632
771346.9,2575308,-7.099
771344,2575309.5,-8.347
771340,2575311.5,-9.942
771338.9,2575312,-10.33
771336,2575313.5,-11.241
771332,2575315.5,-12.344
771331,2575316,-12.62
771328,2575317.5,-13.429
771324,2575319.5,-14.425
771323,2575320,-14.674
771320,2575321.5,-15.362
771316,2575323.5,-15.977
771315.1,2575324,-16.103
771312,2575325.5,-16.406
771308,2575327.5,-16.341
771307.1,2575328,-16.328
771304,2575329.6,-16.241
771300,2575331.6,-15.797
771299.1,2575332,-15.652
771296,2575333.6,-15.064
771292,2575335.6,-14.202
771291.2,2575336,-14.02
771288,2575337.6,-13.284
771284,2575339.6,-12.427
771283.2,2575340,-12.252
771280,2575341.6,-11.603
771276,2575343.6,-10.843
771275.2,2575344,-10.703
771272,2575345.6,-10.128
771268,2575347.6,-9.443
771267.3,2575348,-9.312
771264,2575349.6,-8.754
771260,2575351.7,-7.831
771259.3,2575352,-7.657
771256,2575353.7,-6.744
771252,2575355.7,-5.85
771251.3,2575356,-5.726
771248,2575357.7,-5.19
771244,2575359.7,-4.557
771243.4,2575360,-4.463
771240,2575361.7,-4.128
771236,2575363.7,-3.749
771235.4,2575364,-3.703
771232,2575365.7,-3.555
771228,2575367.7,-3.257
771227.5,2575368,-3.231
771224,2575369.7,-3.105
771220,2575371.7,-2.942
771219.5,2575372,-2.916
771216,2575373.8,-2.751
771212,2575375.8,-2.643
771211.5,2575376,-2.614
771208,2575377.8,-2.39
771204,2575379.8,-2.168
771203.6,2575380,-2.153
771200,2575381.8,-2.025
771196.1,2575383.7,-2.012
771382.5,2575269,6.286
771380,2575270.2,5.911
771376.4,2575272,4.679
771376,2575272.2,4.502
771372,2575274.2,3.241
771368.4,2575276,3.083
771368,2575276.2,1.58
771364,2575278.2,0.981
771360.4,2575280,0.541
771360,2575280.2,0.396
771356,2575282.2,0.043
771352.3,2575284,-0.041
771348,2575286.2,-0.087
771344.3,2575288,-0.829
771344,2575288.2,-0.921
771340,2575290.1,-3.686
771336.3,2575292,-5.938
771336,2575292.1,-6.101
771332,2575294.1,-8.14
771328.2,2575296,-9.829
771328,2575296.1,-9.932
771324,2575298.1,-11.543
771320.2,2575300,-12.731
771320,2575300.1,-12.773
771316,2575302.1,-13.907
771312.2,2575304,-14.987
771312,2575304.1,-15.038
771308,2575306.1,-15.803
771304.1,2575308,-16.254
771304,2575308.1,-16.271
771300,2575310.1,-16.33
771296.1,2575312,-16.313
771296,2575312,-16.314
771292,2575314,-15.893
771288.1,2575316,-15.372
771288,2575316,-15.364
771284,2575318,-14.633
771280,2575320,-13.893
771280,2575320,-13.889
771276,2575322,-13.16
771272,2575324,-12.495
771272,2575324,-12.493
771268,2575326,-11.785
771264,2575328,-11.147
771264,2575328,-11.141
771260,2575330,-10.506
771256,2575332,-9.861
771255.9,2575332,-9.848
771252,2575334,-9.16
771248,2575335.9,-8.605
771247.9,2575336,-8.594
771244,2575337.9,-8.289
771240,2575339.9,-7.776
771239.9,2575340,-7.747
771236,2575341.9,-6.803
771232,2575343.9,-5.896
771231.8,2575344,-5.856
771228,2575345.9,-5.035
771224,2575347.9,-4.005
771223.8,2575348,-3.973
771220,2575349.9,-3.441
771216,2575351.9,-3.006
771215.7,2575352,-2.992
771212,2575353.9,-2.83
771208,2575355.9,-2.598
771207.7,2575356,-2.585
771204,2575357.8,-2.452
771200,2575359.8,-2.299
771199.7,2575360,-2.292
771196,2575361.8,-2.227
771192,2575363.8,-2.072
771191.6,2575364,-2.044
771188,2575365.8,-1.791
771184,2575367.8,-1.765
771183.6,2575368,-1.764
771183.2,2575368.2,-1.761
771360.9,2575258.7,6.811
771360,2575259.1,6.725
771358.1,2575260,6.615
771356,2575261,5.697
771352,2575262.9,5.525
771349.6,2575264,2.931
771348,2575264.8,2.814
771344,2575266.7,1.256
771341.2,2575268,0.715
771340,2575268.6,0.03
771336,2575270.5,-0.077
771332.7,2575272,-1.859
771332,2575272.4,-2.255
771328,2575274.2,-3.695
771324.3,2575276,-4.749
771324,2575276.1,-4.869
771320,2575278,-7.473
771316,2575279.9,-8.551
771315.9,2575280,-8.581
771312,2575281.8,-9.586
771308,2575283.7,-11.187
771307.4,2575284,-11.441
771304,2575285.6,-12.826
771300,2575287.5,-13.904
771299,2575288,-14.126
771296,2575289.4,-14.678
771292,2575291.3,-15.011
771290.6,2575292,-15.118
771288,2575293.2,-15.24
771284,2575295.1,-15.135
771282.1,2575296,-14.967
771280,2575297,-14.724
771276,2575298.9,-14.297
771273.7,2575300,-14.002
771272,2575300.8,-13.774
771268,2575302.7,-13.202
771265.2,2575304,-12.78
771264,2575304.6,-12.595
771260,2575306.5,-12.03
771256.8,2575308,-11.519
771256,2575308.4,-11.392
771252,2575310.3,-10.766
771248.4,2575312,-10.055
771248,2575312.2,-9.986
771244,2575314.1,-9.187
771240,2575316,-8.395
771239.9,2575316,-8.378
771236,2575317.9,-7.6
771232,2575319.8,-6.809
771231.5,2575320,-6.704
771228,2575321.7,-6.026
771224,2575323.5,-5.273
771223,2575324,-5.116
771220,2575325.4,-4.619
771216,2575327.3,-4.089
771214.6,2575328,-3.944
771212,2575329.2,-3.714
771208,2575331.1,-3.392
771206.2,2575332,-3.267
771204,2575333,-3.164
771200,2575334.9,-2.937
771197.7,2575336,-2.798
771196,2575336.8,-2.696
771192,2575338.7,-2.495
771189.3,2575340,-2.366
771188,2575340.6,-2.304
771184,2575342.5,-2.156
771180.9,2575344,-2.045
771180,2575344.4,-2.014
771176,2575346.3,-1.857
771172.4,2575348,-1.745
771172,2575348.2,-1.737
771169.8,2575349.2,-1.703
771357,2575239.2,7.363
771356,2575239.7,7.307
771355.5,2575240,7.284
771352,2575241.7,7.139
771348,2575243.6,6.986
771347.2,2575244,7.023
771344,2575245.6,6.937
771340,2575247.5,6.827
771339,2575248,5.909
771336,2575249.5,5.737
771332,2575251.4,3.143
771330.8,2575252,3.026
771328,2575253.3,1.468
771324,2575255.3,0.927
771322.5,2575256,0.242
771320,2575257.2,0.162
771316,2575259.2,-0.189
771314.3,2575260,-0.191
771312,2575261.1,-0.322
771308,2575263.1,-0.537
771306.1,2575264,-0.578
771304,2575265,-1.988
771300,2575266.9,-2.432
771297.8,2575268,-3.068
771296,2575268.9,-12.391
771292,2575270.8,-13.467
771289.6,2575272,-13.897
771288,2575272.8,-14.318
771284,2575274.7,-15.192
771281.4,2575276,-15.512
771280,2575276.7,-15.645
771276,2575278.6,-15.732
771273.1,2575280,-15.667
771272,2575280.6,-15.622
771268,2575282.5,-15.325
771264.9,2575284,-14.997
771264,2575284.4,-14.897
771260,2575286.4,-14.363
771256.7,2575288,-13.956
771256,2575288.3,-13.866
771252,2575290.3,-13.245
771248.4,2575292,-12.554
771248,2575292.2,-12.47
771244,2575294.2,-11.672
771240.2,2575296,-10.893
771240,2575296.1,-10.849
771236,2575298,-10.067
771232,2575300,-9.315
771232,2575300,-9.311
771228,2575301.9,-8.486
771224,2575303.9,-7.63
771223.7,2575304,-7.58
771220,2575305.8,-6.792
771216,2575307.8,-6.079
771215.5,2575308,-5.993
771212,2575309.7,-5.376
771208,2575311.7,-4.801
771207.3,2575312,-4.712
771204,2575313.6,-4.312
771200,2575315.5,-3.922
771199.1,2575316,-3.855
771196,2575317.5,-3.632
771192,2575319.4,-3.358
771190.8,2575320,-3.296
771188,2575321.4,-3.146
771184,2575323.3,-2.924
771182.6,2575324,-2.838
771180,2575325.3,-2.693
771176,2575327.2,-2.495
771174.4,2575328,-2.4
771172,2575329.1,-2.257
771168,2575331.1,-1.959
771166.1,2575332,-1.838
771164,2575333,-1.717
771160,2575335,-1.596
771158.2,2575335.9,-1.57
771334.2,2575229.3,7.023
771332,2575230.2,6.937
771328,2575231.9,6.827
771327.8,2575232,5.909
771324,2575233.6,5.737
771320,2575235.3,3.143
771318.3,2575236,3.026
771316,2575237,1.468
771312,2575238.7,0.927
771308.8,2575240,0.242
771308,2575240.4,-1.17
771304,2575242,-2.16
771300,2575243.7,-6.363
771299.3,2575244,-6.567
771296,2575245.4,-7.801
771292,2575247.1,-9.938
771289.9,2575248,-10.99
771288,2575248.8,-11.878
771284,2575250.5,-13.397
771280.4,2575252,-14.4
771280,2575252.2,-14.491
771276,2575253.8,-15.319
771272,2575255.5,-15.74
771270.9,2575256,-15.807
771268,2575257.2,-15.917
771264,2575258.9,-15.884
771261.4,2575260,-15.706
771260,2575260.6,-15.599
771256,2575262.3,-15.068
771252,2575264,-14.338
771251.9,2575264,-14.32
771248,2575265.6,-13.501
771244,2575267.3,-12.562
771242.4,2575268,-12.24
771240,2575269,-11.772
771236,2575270.7,-11.07
771232.9,2575272,-10.603
771232,2575272.4,-10.48
771228,2575274.1,-9.896
771224,2575275.8,-9.347
771223.4,2575276,-9.256
771220,2575277.4,-8.709
771216,2575279.1,-8.06
771213.9,2575280,-7.724
771212,2575280.8,-7.401
771208,2575282.5,-6.75
771204.5,2575284,-6.213
771204,2575284.2,-6.143
771200,2575285.9,-5.558
771196,2575287.6,-5.028
771195,2575288,-4.909
771192,2575289.2,-4.585
771188,2575290.9,-4.206
771185.5,2575292,-3.999
771184,2575292.6,-3.881
771180,2575294.3,-3.619
771176,2575296,-3.388
771176,2575296,-3.387
771172,2575297.7,-3.165
771168,2575299.4,-2.9
771166.5,2575300,-2.798
771164,2575301.1,-2.633
771160,2575302.7,-2.368
771157,2575304,-2.183
771156,2575304.4,-2.124
771152,2575306.1,-1.9
771148,2575307.8,-1.607
771147.5,2575308,-1.578
771144,2575309.5,-1.405
771141.8,2575310.4,-1.36
771336.7,2575206.3,7.021
771336,2575206.6,6.435
771333,2575208,5.836
771332,2575208.4,5.854
771328,2575210.2,3.315
771324.1,2575212,3.272
771324,2575212,1.688
771320,2575213.8,1.584
771316,2575215.6,-0.132
771315.2,2575216,-0.346
771312,2575217.4,-1.029
771308,2575219.2,-1.695
771306.3,2575220,-2.026
771304,2575221,-3.947
771300,2575222.8,-6.35
771297.4,2575224,-6.681
771284,2575230,-8.214
771280,2575231.8,-9.925
771279.6,2575232,-10.079
771276,2575233.6,-11.345
771272,2575235.4,-13.029
771270.7,2575236,-13.469
771268,2575237.2,-14.409
771264,2575239,-15.61
771261.8,2575240,-15.916
771260,2575240.8,-16.052
771256,2575242.6,-15.891
771252.9,2575244,-15.716
771252,2575244.4,-15.66
771248,2575246.2,-15.44
771244,2575248,-15.073
771244,2575248,-15.068
771240,2575249.8,-14.351
771236,2575251.6,-13.745
771235.1,2575252,-13.624
771232,2575253.4,-13.054
771228,2575255.2,-11.957
771226.3,2575256,-11.545
771224,2575257,-11.064
771220,2575258.8,-10.475
771217.4,2575260,-10.1
771216,2575260.6,-9.898
771212,2575262.4,-9.447
771208.5,2575264,-8.998
771208,2575264.2,-8.932
771204,2575266,-8.365
771200,2575267.8,-7.707
771199.6,2575268,-7.636
771196,2575269.6,-6.987
771192,2575271.4,-6.278
771190.7,2575272,-6.035
771188,2575273.2,-5.556
771184,2575275,-4.984
771181.8,2575276,-4.752
771180,2575276.8,-4.569
771176,2575278.6,-4.239
771172.9,2575280,-3.999
771172,2575280.4,-3.926
771168,2575282.2,-3.601
771164,2575284,-3.243
771164,2575284,-3.242
771160,2575285.8,-2.898
771156,2575287.6,-2.567
771155.1,2575288,-2.505
771152,2575289.4,-2.285
771148,2575291.2,-2.013
771146.2,2575292,-1.886
771144,2575293,-1.717
771140,2575294.8,-1.416
771137.3,2575296,-1.299
771136,2575296.6,-1.249
771132.7,2575298.1,-1.18
771329.4,2575191.1,6.312
771328,2575191.7,5.736
771327.4,2575192,5.678
771324,2575193.6,3.579
771320,2575195.4,3.263
771318.8,2575196,1.274
771316,2575197.3,1.341
771312,2575199.1,1.133
771310.1,2575200,0.628
771308,2575201,0.36
771304,2575202.8,-0.37
771301.4,2575204,-0.489
771300,2575204.7,-0.809
771296,2575206.5,-0.961
771292.8,2575208,-1.124
771292,2575208.4,-1.316
771288,2575210.2,-2.76
771284.1,2575212,-4.953
771284,2575212.1,-5.019
771280,2575213.9,-6.803
771276,2575215.8,-8.133
771275.5,2575216,-8.249
771272,2575217.6,-9.366
771268,2575219.5,-10.953
771266.8,2575220,-11.531
771264,2575221.3,-12.966
771260,2575223.2,-14.173
771258.2,2575224,-14.679
771256,2575225,-15.165
771252,2575226.9,-15.136
771249.5,2575228,-15.059
771248,2575228.7,-14.957
771244,2575230.5,-14.661
771240.9,2575232,-14.398
771240,2575232.4,-14.304
771236,2575234.2,-13.642
771232.2,2575236,-12.917
771232,2575236.1,-12.88
771228,2575237.9,-12.293
771224,2575239.8,-11.471
771223.5,2575240,-11.394
771220,2575241.6,-10.837
771216,2575243.5,-10.298
771214.9,2575244,-10.189
771212,2575245.3,-9.902
771208,2575247.2,-9.48
771206.2,2575248,-9.249
771204,2575249,-8.989
771200,2575250.9,-8.443
771197.6,2575252,-8.087
771196,2575252.7,-7.85
771192,2575254.6,-7.246
771188.9,2575256,-6.787
771188,2575256.4,-6.637
771184,2575258.3,-6.009
771180.3,2575260,-5.497
771180,2575260.1,-5.46
771176,2575262,-4.981
771172,2575263.8,-4.552
771171.6,2575264,-4.513
771168,2575265.7,-4.144
771164,2575267.5,-3.728
771163,2575268,-3.628
771160,2575269.4,-3.353
771156,2575271.2,-2.977
771154.3,2575272,-2.819
771152,2575273.1,-2.615
771148,2575274.9,-2.303
771145.6,2575276,-2.138
771144,2575276.8,-2.013
771140,2575278.6,-1.689
771137,2575280,-1.515
771136,2575280.5,-1.45
771132,2575282.3,-1.198
771128.3,2575284,-1.01
771128,2575284.2,-0.997
771124,2575286,-0.784
771121.7,2575287.1,-0.727
771324.7,2575171.7,6.891
771324,2575172,6.875
771324,2575172,6.874
771320,2575174,6.989
771316.1,2575176,7.042
771316,2575176.1,7.043
771312,2575178.1,6.4
771308.2,2575180,5.824
771308,2575180.1,5.766
771304,2575182.1,3.667
771300.3,2575184,3.351
771300,2575184.1,1.362
771296,2575186.2,1.429
771292.3,2575188,1.221
771292,2575188.2,0.716
771288,2575190.2,0.365
771284.4,2575192,0.073
771284,2575192.2,0.016
771280,2575194.2,-2.347
771276.5,2575196,-3.696
771276,2575196.3,-3.912
771272,2575198.3,-5.568
771268.6,2575200,-6.755
771268,2575200.3,-6.95
771264,2575202.3,-8.484
771260.7,2575204,-9.279
771260,2575204.3,-9.454
771256,2575206.4,-10.125
771252.7,2575208,-10.711
771252,2575208.4,-10.851
771248,2575210.4,-11.498
771244.8,2575212,-11.956
771244,2575212.4,-12.063
771240,2575214.4,-12.493
771236.9,2575216,-12.763
771236,2575216.5,-12.81
771232,2575218.5,-12.929
771229,2575220,-12.91
771228,2575220.5,-12.869
771224,2575222.5,-12.624
771221,2575224,-12.364
771220,2575224.5,-12.249
771216,2575226.5,-11.772
771213.1,2575228,-11.428
771212,2575228.6,-11.283
771208,2575230.6,-10.743
771205.2,2575232,-10.382
771204,2575232.6,-10.233
771200,2575234.6,-9.692
771197.3,2575236,-9.323
771196,2575236.6,-9.146
771192,2575238.7,-8.555
771189.4,2575240,-8.153
771188,2575240.7,-7.951
771184,2575242.7,-7.352
771181.4,2575244,-6.963
771180,2575244.7,-6.741
771176,2575246.7,-6.155
771173.5,2575248,-5.811
771172,2575248.8,-5.612
771168,2575250.8,-5.098
771165.6,2575252,-4.78
771164,2575252.8,-4.574
771160,2575254.8,-4.06
771157.7,2575256,-3.772
771156,2575256.8,-3.58
771152,2575258.9,-3.132
771149.8,2575260,-2.885
771148,2575260.9,-2.69
771144,2575262.9,-2.341
771141.8,2575264,-2.162
771140,2575264.9,-2.034
771136,2575266.9,-1.663
771133.9,2575268,-1.524
771132,2575269,-1.453
771128,2575271,-1.33
771126,2575272,-1.22
771124,2575273,-1.111
771120,2575275,-0.899
771118.1,2575276,-0.779
771116,2575277,-0.644
771112,2575279.1,-0.374
771111.7,2575279.2,-0.353
771317.9,2575153.8,6.18
771316,2575154.8,6.178
771313.8,2575156,6.187
771312,2575157,6.172
771308,2575159.1,6.353
771306.4,2575160,6.323
771304,2575161.3,5.149
771300,2575163.4,4.908
771298.9,2575164,4.349
771296,2575165.6,3.32
771292,2575167.7,1.642
771291.5,2575168,1.329
771288,2575169.9,0.088
771284,2575172,-0.229
771284,2575172,-0.23
771280,2575174.2,-0.483
771276.6,2575176,-0.353
771276,2575176.3,-0.386
771272,2575178.4,-1.697
771269.1,2575180,-3.443
771268,2575180.6,-4.112
771264,2575182.7,-5.658
771261.7,2575184,-6.304
771260,2575184.9,-6.531
771256,2575187,-7.903
771254.2,2575188,-8.017
771252,2575189.2,-7.92
771248,2575191.3,-7.659
771246.7,2575192,-7.488
771244,2575193.5,-7.424
771240,2575195.6,-7.756
771239.3,2575196,-7.907
771236,2575197.8,-8.963
771232,2575199.9,-10.548
771231.8,2575200,-10.599
771228,2575202.1,-11.782
771224.4,2575204,-13.352
771224,2575204.2,-13.45
771220,2575206.3,-13.2
771216.9,2575208,-13.062
771216,2575208.5,-12.997
771212,2575210.6,-12.681
771209.5,2575212,-12.517
771208,2575212.8,-12.402
771204,2575214.9,-12.086
771202,2575216,-11.863
771200,2575217.1,-11.599
771196,2575219.2,-10.949
771194.6,2575220,-10.814
771192,2575221.4,-10.512
771188,2575223.5,-9.998
771187.1,2575224,-9.882
771184,2575225.7,-9.447
771180,2575227.8,-8.897
771179.7,2575228,-8.84
771176,2575230,-8.258
771172.2,2575232,-7.64
771172,2575232.1,-7.607
771168,2575234.3,-6.928
771164.7,2575236,-6.443
771164,2575236.4,-6.331
771160,2575238.5,-5.714
771157.3,2575240,-5.287
771156,2575240.7,-5.089
771152,2575242.8,-4.464
771149.8,2575244,-4.144
771148,2575245,-3.886
771144,2575247.1,-3.349
771142.4,2575248,-3.152
771140,2575249.3,-2.864
771136,2575251.4,-2.449
771134.9,2575252,-2.333
771132,2575253.6,-2.044
771128,2575255.7,-1.666
771127.5,2575256,-1.619
771124,2575257.9,-1.367
771120,2575260,-1.176
771120,2575260,-1.176
771116,2575262.2,-0.961
771112.6,2575264,-0.833
771112,2575264.3,-0.803
771108,2575266.4,-0.567
771105.1,2575268,-0.337
771104,2575268.6,-0.26
771102.8,2575269.2,-0.255
771310,2575136.5,5.689
771308,2575137.7,5.384
771304.2,2575140,5.067
771304,2575140.1,5.099
771300,2575142.5,4.268
771297.6,2575144,3.8
771296,2575145,2.699
771292,2575147.4,2.099
771290.9,2575148,1.251
771288,2575149.8,0.597
771284.3,2575152,-1.842
771284,2575152.2,-2.325
771280,2575154.6,-3.76
771264.4,2575164,-6.021
771264,2575164.2,-6.176
771260,2575166.6,-7.751
771257.7,2575168,-8.268
771256,2575169,-8.793
771252,2575171.4,-9
771251.1,2575172,-8.988
771248,2575173.8,-8.897
771244.4,2575176,-8.703
771244,2575176.3,-8.677
771240,2575178.7,-8.311
771237.8,2575180,-8.062
771236,2575181.1,-7.962
771232,2575183.5,-8.229
771231.1,2575184,-8.308
771228,2575185.9,-8.692
771224.5,2575188,-9.276
771224,2575188.3,-9.39
771220,2575190.7,-10.431
771217.8,2575192,-11
771216,2575193.1,-11.419
771212,2575195.5,-12.06
771211.2,2575196,-12.119
771208,2575197.9,-12.249
771204.6,2575200,-12.235
771204,2575200.3,-12.22
771200,2575202.7,-11.967
771197.9,2575204,-11.757
771196,2575205.1,-11.571
771192,2575207.6,-11.11
771191.3,2575208,-11.023
771188,2575210,-10.691
771184.6,2575212,-10.269
771184,2575212.4,-10.191
771180,2575214.8,-9.753
771178,2575216,-9.47
771176,2575217.2,-9.187
771172,2575219.6,-8.675
771171.3,2575220,-8.586
771168,2575222,-8.058
771164.7,2575224,-7.529
771164,2575224.4,-7.416
771160,2575226.8,-6.791
771158,2575228,-6.486
771156,2575229.2,-6.165
771152,2575231.6,-5.484
771151.4,2575232,-5.378
771148,2575234,-4.764
771144.7,2575236,-4.253
771144,2575236.4,-4.131
771140,2575238.9,-3.503
771138.1,2575240,-3.269
771136,2575241.3,-3.02
771132,2575243.7,-2.55
771131.5,2575244,-2.493
771128,2575246.1,-2.109
771124.8,2575248,-1.75
771124,2575248.5,-1.662
771120,2575250.9,-1.29
771118.2,2575252,-1.168
771116,2575253.3,-1.063
771112,2575255.7,-0.833
771111.5,2575256,-0.817
771108,2575258.1,-0.748
771104.9,2575260,-0.62
771104,2575260.5,-0.583
771100,2575262.9,-0.405
771098.2,2575264,-0.358
771096.5,2575265,-0.279
771291.6,2575123.9,6.516
771291.5,2575124,6.592
771288,2575126.4,6.868
771285.7,2575128,7.032
771284,2575129.2,5.271
771280,2575131.9,4.637
771279.9,2575132,3.523
771276,2575134.7,2.599
771274.1,2575136,1.337
771272,2575137.4,1.374
771268.2,2575140,1.127
771268,2575140.2,0.547
771264,2575142.9,-1.072
771262.4,2575144,-1.63
771260,2575145.7,-3.265
771256.6,2575148,-5.053
771256,2575148.4,-5.225
771252,2575151.2,-6.382
771250.8,2575152,-6.841
771248,2575153.9,-7.887
771245,2575156,-9.049
771244,2575156.7,-9.349
771240,2575159.4,-10.006
771239.1,2575160,-10.09
771236,2575162.1,-10.201
771233.3,2575164,-10.132
771232,2575164.9,-10.014
771228,2575167.6,-9.575
771227.5,2575168,-9.523
771224,2575170.4,-9.204
771221.7,2575172,-8.889
771220,2575173.1,-8.675
771216,2575175.9,-8.442
771215.8,2575176,-8.454
771212,2575178.6,-9.534
771210,2575180,-10.215
771208,2575181.4,-11.102
771204.2,2575184,-11.554
771204,2575184.1,-11.553
771200,2575186.9,-11.625
771198.4,2575188,-11.666
771196,2575189.6,-11.609
771192.5,2575192,-11.441
771192,2575192.4,-11.4
771188,2575195.1,-10.997
771186.7,2575196,-10.852
771184,2575197.9,-10.546
771180.9,2575200,-10.167
771180,2575200.6,-10.064
771176,2575203.4,-9.613
771175.1,2575204,-9.497
771172,2575206.1,-9.103
771169.2,2575208,-8.748
771168,2575208.9,-8.574
771164,2575211.6,-7.991
771163.4,2575212,-7.907
771160,2575214.3,-7.425
771157.6,2575216,-7.122
771156,2575217.1,-6.908
771152,2575219.8,-6.316
771151.8,2575220,-6.279
771148,2575222.6,-5.656
771145.9,2575224,-5.317
771144,2575225.3,-4.981
771140.1,2575228,-4.339
771140,2575228.1,-4.318
771136,2575230.8,-3.661
771134.3,2575232,-3.4
771132,2575233.6,-3.074
771128.5,2575236,-2.619
771128,2575236.3,-2.56
771124,2575239.1,-2.083
771122.7,2575240,-1.939
771120,2575241.8,-1.664
771116.8,2575244,-1.39
771116,2575244.6,-1.317
771112,2575247.3,-1.026
771111,2575248,-0.978
771108,2575250.1,-0.823
771105.2,2575252,-0.662
771104,2575252.8,-0.611
771100,2575255.6,-0.445
771099.4,2575256,-0.437
771096,2575258.3,-0.368
771093.5,2575260,-0.302
771092.3,2575260.8,-0.257
771290.6,2575104,6.615
771288,2575106,6.691
771285.3,2575108,6.967
771284,2575109,7.131
771280,2575112,5.37
771280,2575112,4.736
771276,2575115,3.622
771274.7,2575116,2.698
771272,2575118,1.436
771269.3,2575120,1.473
771268,2575121,1.226
771264,2575124,0.646
771264,2575124,-0.692
771260,2575127,-0.763
771258.7,2575128,-0.818
771256,2575130.1,-1.266
771253.4,2575132,-1.779
771252,2575133.1,-2.675
771248.1,2575136,-5.102
771248,2575136.1,-5.164
771244,2575139.1,-7.272
771242.8,2575140,-7.908
771240,2575142.1,-9.298
771237.5,2575144,-10.434
771236,2575145.1,-10.991
771232.2,2575148,-12.269
771232,2575148.1,-12.308
771228,2575151.1,-12.512
771226.9,2575152,-12.56
771224,2575154.2,-12.569
771221.6,2575156,-12.468
771220,2575157.2,-12.294
771216.2,2575160,-11.666
771216,2575160.2,-11.619
771212,2575163.2,-10.596
771210.9,2575164,-10.381
771208,2575166.2,-9.798
771205.6,2575168,-9.464
771204,2575169.2,-9.323
771200.3,2575172,-8.725
771200,2575172.2,-8.736
771196,2575175.2,-9.396
771195,2575176,-9.731
771192,2575178.3,-10.437
771189.7,2575180,-10.865
771188,2575181.3,-11.005
771184.4,2575184,-10.99
771184,2575184.3,-10.973
771180,2575187.3,-10.646
771179.1,2575188,-10.565
771176,2575190.3,-10.231
771173.8,2575192,-9.966
771172,2575193.3,-9.766
771168.5,2575196,-9.332
771168,2575196.3,-9.28
771164,2575199.4,-8.74
771163.1,2575200,-8.607
771160,2575202.4,-8.11
771157.8,2575204,-7.798
771156,2575205.4,-7.545
771152.5,2575208,-7.036
771152,2575208.4,-6.976
771148,2575211.4,-6.402
771147.2,2575212,-6.27
771144,2575214.4,-5.809
771141.9,2575216,-5.42
771140,2575217.4,-5.073
771136.6,2575220,-4.54
771136,2575220.4,-4.435
771132,2575223.5,-3.715
771131.3,2575224,-3.599
771128,2575226.5,-3.059
771126,2575228,-2.758
771124,2575229.5,-2.492
771120.7,2575232,-2.098
771120,2575232.5,-2.02
771116,2575235.5,-1.595
771115.3,2575236,-1.536
771112,2575238.5,-1.263
771110,2575240,-1.106
771108,2575241.5,-0.942
771104.7,2575244,-0.742
771104,2575244.5,-0.702
771100,2575247.6,-0.462
771099.4,2575248,-0.428
771096,2575250.6,-0.341
771094.1,2575252,-0.247
771092,2575253.6,-0.149
771088.8,2575256,-0.069
771088.6,2575256.1,-0.064
771301.1,2575081.4,5.689
771300,2575082.3,5.384
771297.8,2575084,5.067
771296,2575085.4,5.099
771292.7,2575088,4.268
771292,2575088.6,3.8
771288,2575091.7,2.699
771287.6,2575092,2.099
771284,2575094.8,1.251
771282.5,2575096,0.597
771280,2575098,0.175
771277.4,2575100,0.093
771276,2575101.1,-0.175
771272.3,2575104,-0.626
771272,2575104.2,-0.874
771268,2575107.4,-2.185
771267.2,2575108,-2.237
771264,2575110.5,-3.868
771246.7,2575124,-4.638
771244,2575126.1,-5.487
771241.6,2575128,-6.338
771240,2575129.3,-7.137
771236.5,2575132,-8.875
771236,2575132.4,-9.16
771232,2575135.5,-10.955
771231.4,2575136,-11.055
771228,2575138.7,-11.809
771226.3,2575140,-12.153
771224,2575141.8,-12.504
771221.2,2575144,-12.843
771220,2575144.9,-12.966
771216.1,2575148,-13.213
771216,2575148.1,-13.21
771212,2575151.2,-12.792
771211,2575152,-12.625
771208,2575154.3,-11.994
771205.9,2575156,-11.596
771204,2575157.5,-11.156
771200.8,2575160,-10.382
771200,2575160.6,-10.196
771196,2575163.7,-9.377
771195.7,2575164,-9.324
771192,2575166.9,-9.253
771190.6,2575168,-9.358
771188,2575170,-9.961
771185.4,2575172,-10.348
771184,2575173.1,-10.564
771180.3,2575176,-10.72
771180,2575176.3,-10.715
771176,2575179.4,-10.586
771175.2,2575180,-10.56
771172,2575182.5,-10.383
771170.1,2575184,-10.287
771168,2575185.7,-10.108
771165,2575188,-9.877
771164,2575188.8,-9.75
771160,2575191.9,-9.074
771159.9,2575192,-9.063
771156,2575195.1,-8.553
771154.8,2575196,-8.446
771152,2575198.2,-8.087
771149.7,2575200,-7.746
771148,2575201.3,-7.489
771144.6,2575204,-6.913
771144,2575204.5,-6.818
771140,2575207.6,-6.097
771139.5,2575208,-5.998
771136,2575210.7,-5.342
771134.4,2575212,-5.034
771132,2575213.9,-4.587
771129.3,2575216,-4.062
771128,2575217,-3.833
771124.2,2575220,-2.983
771124,2575220.1,-2.955
771120,2575223.3,-2.404
771119,2575224,-2.282
771116,2575226.4,-1.974
771113.9,2575228,-1.722
771112,2575229.5,-1.518
771108.8,2575232,-1.29
771108,2575232.7,-1.236
771104,2575235.8,-0.91
771103.7,2575236,-0.888
771100,2575238.9,-0.703
771098.6,2575240,-0.665
771096,2575242,-0.555
771093.5,2575244,-0.381
771092,2575245.2,-0.289
771088.4,2575248,-0.144
771088,2575248.3,-0.128
771084,2575251.4,-0.094
771083.4,2575251.9,-0.078
771292.7,2575073.6,5.776
771292,2575074.1,5.471
771289.7,2575076,5.154
771288,2575077.3,5.186
771284.7,2575080,4.355
771284,2575080.6,3.887
771280,2575083.8,2.786
771279.7,2575084,2.186
771276,2575087,1.338
771274.8,2575088,0.684
771272,2575090.2,-2.023
771269.8,2575092,-2.235
771268,2575093.4,-2.616
771264.8,2575096,-2.983
771248,2575109.5,-2.79
771244.9,2575112,-2.341
771244,2575112.8,-2.563
771240,2575116,-4.648
771240,2575116,-4.658
771236,2575119.2,-6.567
771235,2575120,-7.071
771232,2575122.4,-8.512
771230,2575124,-9.117
771228,2575125.6,-9.981
771225.1,2575128,-10.865
771224,2575128.9,-11.143
771220.1,2575132,-11.877
771220,2575132.1,-11.89
771216,2575135.3,-12.73
771215.1,2575136,-12.901
771212,2575138.5,-13.697
771210.2,2575140,-13.786
771208,2575141.7,-13.547
771205.2,2575144,-13.095
771204,2575145,-12.845
771200.2,2575148,-12.55
771200,2575148.2,-12.529
771196,2575151.4,-12.552
771195.3,2575152,-12.447
771192,2575154.6,-11.559
771190.3,2575156,-10.849
771188,2575157.8,-10.261
771185.3,2575160,-9.832
771184,2575161.1,-9.814
771180.3,2575164,-9.692
771180,2575164.3,-9.696
771176,2575167.5,-9.883
771175.4,2575168,-9.91
771172,2575170.7,-9.969
771170.4,2575172,-9.935
771168,2575173.9,-9.847
771165.4,2575176,-9.793
771164,2575177.2,-9.731
771160.5,2575180,-9.543
771160,2575180.4,-9.507
771156,2575183.6,-9.16
771155.5,2575184,-9.125
771152,2575186.8,-8.848
771150.5,2575188,-8.761
771148,2575190,-8.607
771145.6,2575192,-8.354
771144,2575193.3,-8.123
771140.6,2575196,-7.543
771140,2575196.5,-7.435
771136,2575199.7,-6.836
771135.6,2575200,-6.771
771132,2575202.9,-6.066
771130.6,2575204,-5.839
771128,2575206.1,-5.352
771125.7,2575208,-4.895
771124,2575209.3,-4.55
771120.7,2575212,-3.824
771120,2575212.6,-3.678
771116,2575215.8,-2.891
771115.7,2575216,-2.845
771112,2575219,-2.297
771110.8,2575220,-2.139
771108,2575222.2,-1.818
771105.8,2575224,-1.587
771104,2575225.4,-1.427
771100.8,2575228,-1.187
771100,2575228.7,-1.125
771096,2575231.9,-0.869
771095.9,2575232,-0.859
771092,2575235.1,-0.628
771090.9,2575236,-0.569
771088,2575238.3,-0.402
771085.9,2575240,-0.273
771084,2575241.5,-0.16
771080.9,2575244,-0.004
771080,2575244.8,0.012
771077.6,2575246.7,0.099
771281.1,2575062,6.014
771280,2575063,6.02
771278.9,2575064,5.924
771276,2575066.5,5.732
771274.3,2575068,5.732
771272,2575070,5.093
771269.8,2575072,4.305
771268,2575073.6,3.009
771265.2,2575076,2.25
771264,2575077.1,1.332
771260.6,2575080,1.36
771260,2575080.6,0.032
771256.1,2575084,-1.116
771256,2575084.1,-1.139
771252,2575087.6,-2.125
771251.5,2575088,-2.278
771248,2575091.1,-3.144
771246.9,2575092,-3.442
771244,2575094.6,-4.269
771242.4,2575096,-4.563
771240,2575098.1,-4.786
771237.8,2575100,-5.371
771236,2575101.6,-6.068
771233.3,2575104,-7.271
771232,2575105.1,-7.661
771228.7,2575108,-8.445
771228,2575108.6,-8.589
771224.1,2575112,-9.381
771224,2575112.1,-9.415
771220,2575115.6,-10.191
771219.6,2575116,-10.252
771216,2575119.1,-10.846
771215,2575120,-11.038
771212,2575122.6,-11.709
771210.4,2575124,-12.122
771208,2575126.1,-12.629
771205.9,2575128,-12.989
771204,2575129.6,-13.242
771201.3,2575132,-13.495
771200,2575133.1,-13.548
771196.7,2575136,-13.603
771196,2575136.6,-13.587
771192.2,2575140,-13.501
771192,2575140.2,-13.497
771188,2575143.7,-13.078
771187.6,2575144,-13.021
771184,2575147.2,-12.269
771183,2575148,-12.058
771180,2575150.7,-11.182
771178.5,2575152,-10.811
771176,2575154.2,-10.332
771173.9,2575156,-9.915
771172,2575157.7,-9.683
771169.3,2575160,-9.361
771168,2575161.2,-9.331
771164.8,2575164,-9.181
771164,2575164.7,-9.177
771160.2,2575168,-9.044
771160,2575168.2,-9.039
771156,2575171.7,-8.941
771155.7,2575172,-8.926
771152,2575175.2,-8.78
771151.1,2575176,-8.744
771148,2575178.7,-8.599
771146.5,2575180,-8.528
771144,2575182.2,-8.39
771142,2575184,-8.196
771140,2575185.7,-7.945
771137.4,2575188,-7.617
771136,2575189.2,-7.456
771132.8,2575192,-7.04
771132,2575192.7,-6.911
771128.3,2575196,-6.328
771128,2575196.2,-6.284
771124,2575199.7,-5.634
771123.7,2575200,-5.579
771120,2575203.2,-4.851
771119.1,2575204,-4.692
771116,2575206.7,-3.972
771114.6,2575208,-3.645
771112,2575210.3,-3.064
771110,2575212,-2.733
771108,2575213.8,-2.442
771105.4,2575216,-2.11
771104,2575217.3,-1.93
771100.9,2575220,-1.572
771100,2575220.8,-1.488
771096.3,2575224,-1.196
771096,2575224.3,-1.174
771092,2575227.8,-0.89
771091.7,2575228,-0.872
771088,2575231.3,-0.621
771087.2,2575232,-0.572
771084,2575234.8,-0.396
771082.6,2575236,-0.309
771080,2575238.3,-0.144
771078.1,2575240,-0.018
771076,2575241.8,0.031
771073.5,2575244,0.187
771073.4,2575244.1,0.196
771264.4,2575057.8,6.138
771264,2575058.2,6.144
771262,2575060,6.048
771260,2575061.8,5.856
771257.6,2575064,5.856
771256,2575065.5,5.217
771253.2,2575068,4.429
771252,2575069.1,3.133
771248.9,2575072,2.374
771248,2575072.8,1.456
771244.5,2575076,1.484
771244,2575076.5,0.156
771240.1,2575080,-1.845
771240,2575080.1,-1.881
771236,2575083.8,-3.262
771235.8,2575084,-3.331
771232,2575087.4,-5.044
771231.4,2575088,-5.462
771228,2575091.1,-6.808
771227,2575092,-7.045
771224,2575094.7,-7.734
771222.6,2575096,-7.911
771220,2575098.4,-8.447
771218.3,2575100,-8.718
771216,2575102.1,-9.069
771213.9,2575104,-9.596
771212,2575105.7,-9.982
771209.5,2575108,-10.605
771208,2575109.4,-10.92
771205.1,2575112,-11.728
771204,2575113,-12.09
771200.8,2575116,-12.939
771200,2575116.7,-13.086
771196.4,2575120,-13.746
771196,2575120.3,-13.812
771192,2575124,-14.191
771192,2575124,-14.192
771188,2575127.7,-14.429
771187.6,2575128,-14.441
771184,2575131.3,-14.604
771183.3,2575132,-14.642
771180,2575135,-14.55
771178.9,2575136,-14.567
771176,2575138.6,-14.463
771174.5,2575140,-14.343
771172,2575142.3,-13.842
771170.1,2575144,-13.255
771168,2575146,-12.581
771165.8,2575148,-11.582
771164,2575149.6,-10.966
771161.4,2575152,-10.099
771160,2575153.3,-9.771
771157,2575156,-9.212
771156,2575156.9,-9.067
771152.6,2575160,-8.784
771152,2575160.6,-8.751
771148.3,2575164,-8.54
771148,2575164.2,-8.529
771144,2575167.9,-8.376
771143.9,2575168,-8.372
771140,2575171.6,-8.349
771139.5,2575172,-8.32
771136,2575175.2,-7.919
771135.1,2575176,-7.834
771132,2575178.9,-7.481
771130.8,2575180,-7.318
771128,2575182.5,-6.959
771126.4,2575184,-6.689
771124,2575186.2,-6.307
771122,2575188,-6.02
771120,2575189.8,-5.665
771117.6,2575192,-5.193
771116,2575193.5,-4.878
771113.3,2575196,-4.367
771112,2575197.2,-4.123
771108.9,2575200,-3.561
771108,2575200.8,-3.389
771104.5,2575204,-2.818
771104,2575204.5,-2.736
771100.1,2575208,-2.203
771100,2575208.1,-2.185
771096,2575211.8,-1.672
771095.8,2575212,-1.648
771092,2575215.5,-1.311
771091.4,2575216,-1.266
771088,2575219.1,-1.101
771087,2575220,-1.017
771084,2575222.8,-0.74
771082.7,2575224,-0.676
771080,2575226.4,-0.523
771078.3,2575228,-0.403
771076,2575230.1,-0.232
771073.9,2575232,-0.102
771072,2575233.7,-0.04
771069.5,2575236,0.137
771068.2,2575237.2,0.269
771252.8,2575045.3,6.164
771252,2575046,6.61
771250,2575048,6.859
771248,2575049.9,6.699
771245.9,2575052,4.953
771244,2575053.8,4.063
771241.8,2575056,2.561
771240,2575057.7,1.469
771237.7,2575060,0.5
771236,2575061.6,0.398
771233.5,2575064,-0.595
771232,2575065.5,-1.13
771229.4,2575068,-1.838
771228,2575069.4,-2.362
771225.3,2575072,-3.541
771224,2575073.3,-4.099
771221.2,2575076,-4.696
771220,2575077.2,-5.06
771217.1,2575080,-6.388
771216,2575081.1,-6.589
771213,2575084,-7.198
771212,2575084.9,-7.434
771208.9,2575088,-8.263
771208,2575088.8,-8.456
771204.7,2575092,-9.196
771204,2575092.7,-9.435
771200.6,2575096,-10.694
771200,2575096.6,-10.954
771196.5,2575100,-12.451
771196,2575100.5,-12.686
771192.4,2575104,-14.12
771192,2575104.4,-14.241
771188.3,2575108,-15.576
771188,2575108.3,-15.615
771184.2,2575112,-15.52
771184,2575112.2,-15.522
771180.1,2575116,-15.79
771180,2575116.1,-15.792
771176,2575120,-15.828
771176,2575120,-15.825
771172,2575123.8,-15.723
771171.8,2575124,-15.714
771168,2575127.7,-15.525
771167.7,2575128,-15.481
771164,2575131.6,-14.772
771163.6,2575132,-14.67
771160,2575135.5,-13.456
771159.5,2575136,-13.237
771156,2575139.4,-11.413
771155.4,2575140,-11.158
771152,2575143.3,-9.87
771151.3,2575144,-9.66
771148,2575147.2,-8.997
771147.2,2575148,-8.852
771144,2575151.1,-8.473
771143,2575152,-8.378
771140,2575155,-8.2
771138.9,2575156,-8.124
771136,2575158.9,-8.057
771134.8,2575160,-8.052
771132,2575162.7,-7.95
771130.7,2575164,-7.892
771128,2575166.6,-7.721
771126.6,2575168,-7.626
771124,2575170.5,-7.36
771122.5,2575172,-7.177
771120,2575174.4,-6.807
771118.4,2575176,-6.524
771116,2575178.3,-6.116
771114.3,2575180,-5.769
771112,2575182.2,-5.241
771110.1,2575184,-4.822
771108,2575186.1,-4.384
771106,2575188,-4.054
771104,2575190,-3.753
771101.9,2575192,-3.354
771100,2575193.9,-3.049
771097.8,2575196,-2.709
771096,2575197.7,-2.461
771093.7,2575200,-2.193
771092,2575201.6,-1.98
771089.6,2575204,-1.697
771088,2575205.5,-1.53
771085.5,2575208,-1.288
771084,2575209.4,-1.165
771081.3,2575212,-0.942
771080,2575213.3,-0.842
771077.2,2575216,-0.695
771076,2575217.2,-0.652
771073.1,2575220,-0.493
771072,2575221.1,-0.406
771069,2575224,-0.191
771068,2575225,-0.115
771064.9,2575228,0.028
771064,2575228.9,0.088
771062.4,2575230.4,0.241
771237.6,2575032.1,5.941
771236,2575033.9,6.164
771234.1,2575036,6.61
771232,2575038.3,6.699
771230.5,2575040,4.953
771228,2575042.7,4.063
771226.8,2575044,2.561
771224,2575047.1,1.469
771223.2,2575048,0.5
771220,2575051.5,-2.861
771219.6,2575052,-3.003
771216,2575055.9,-4.339
771215.9,2575056,-4.659
771212.3,2575060,-5.916
771204,2575069.2,-6.257
771201.4,2575072,-6.845
771200,2575073.6,-7.063
771197.8,2575076,-7.186
771196,2575078,-7.1
771194.2,2575080,-6.899
771192,2575082.4,-7.181
771190.5,2575084,-7.893
771188,2575086.8,-9.147
771186.9,2575088,-9.745
771184,2575091.2,-11.171
771183.3,2575092,-11.483
771180,2575095.6,-12.813
771179.6,2575096,-12.967
771176,2575100,-14.359
771176,2575100,-14.359
771172.4,2575104,-15.32
771172,2575104.4,-15.397
771168.7,2575108,-15.957
771168,2575108.8,-16.018
771165.1,2575112,-16.239
771164,2575113.2,-16.235
771161.5,2575116,-16.121
771160,2575117.6,-15.962
771157.8,2575120,-15.563
771156,2575122,-15.027
771154.2,2575124,-14.44
771152,2575126.4,-13.494
771150.6,2575128,-12.788
771148,2575130.8,-11.554
771147,2575132,-11.107
771144,2575135.3,-10.128
771143.3,2575136,-9.949
771140,2575139.7,-9.134
771139.7,2575140,-9.061
771136.1,2575144,-8.576
771136,2575144.1,-8.568
771132.4,2575148,-8.212
771132,2575148.5,-8.182
771128.8,2575152,-7.977
771128,2575152.9,-7.937
771125.2,2575156,-7.84
771124,2575157.3,-7.867
771121.5,2575160,-7.826
771120,2575161.7,-7.692
771117.9,2575164,-7.471
771116,2575166.1,-7.219
771114.3,2575168,-6.993
771112,2575170.5,-6.603
771110.6,2575172,-6.362
771108,2575174.9,-5.794
771107,2575176,-5.583
771104,2575179.3,-4.911
771103.4,2575180,-4.772
771100,2575183.7,-4.09
771099.7,2575184,-4.038
771096.1,2575188,-3.294
771096,2575188.1,-3.272
771092.5,2575192,-2.645
771092,2575192.5,-2.571
771088.9,2575196,-2.087
771088,2575196.9,-1.962
771085.2,2575200,-1.59
771084,2575201.3,-1.464
771081.6,2575204,-1.221
771080,2575205.8,-1.067
771078,2575208,-0.894
771076,2575210.2,-0.753
771074.3,2575212,-0.663
771072,2575214.6,-0.601
771070.7,2575216,-0.545
771068,2575219,-0.329
771067.1,2575220,-0.256
771064,2575223.4,-0.028
771063.4,2575224,-0.002
771060,2575227.8,0.236
771059.8,2575228,0.254
771059.7,2575228.1,0.264
771224.8,2575019.9,6.164
771224.7,2575020,6.387
771224,2575020.9,6.833
771221.5,2575024,6.922
771220,2575025.8,5.176
771218.2,2575028,4.286
771216,2575030.6,2.784
771214.9,2575032,1.692
771212,2575035.5,0.723
771211.6,2575036,-0.8
771208.3,2575040,-1.898
771208,2575040.4,-2.399
771205,2575044,-4.29
771204,2575045.3,-4.318
771188.6,2575064,-4.968
771188,2575064.8,-4.966
771185.3,2575068,-5.743
771184,2575069.6,-6.626
771182.1,2575072,-7.787
771180,2575074.5,-8.809
771178.8,2575076,-9.376
771176,2575079.4,-10.62
771175.5,2575080,-10.877
771172.2,2575084,-12.25
771172,2575084.3,-12.333
771168.9,2575088,-13.509
771168,2575089.1,-13.856
771165.7,2575092,-14.676
771164,2575094,-15.172
771162.4,2575096,-15.568
771160,2575098.9,-16.025
771159.1,2575100,-16.132
771156,2575103.8,-16.421
771155.8,2575104,-16.442
771152.5,2575108,-16.694
771152,2575108.6,-16.677
771149.2,2575112,-16.474
771148,2575113.5,-16.185
771146,2575116,-15.514
771144,2575118.4,-14.714
771142.7,2575120,-14.136
771140,2575123.3,-12.903
771139.4,2575124,-12.635
771136.1,2575128,-11.225
771136,2575128.1,-11.184
771132.8,2575132,-9.982
771132,2575133,-9.707
771129.5,2575136,-8.937
771128,2575137.9,-8.581
771126.3,2575140,-8.201
771124,2575142.8,-7.942
771123,2575144,-7.836
771120,2575147.6,-7.765
771119.7,2575148,-7.737
771116.4,2575152,-7.478
771116,2575152.5,-7.449
771113.1,2575156,-7.167
771112,2575157.4,-7.069
771109.8,2575160,-6.867
771108,2575162.3,-6.656
771106.6,2575164,-6.487
771104,2575167.1,-6.109
771103.3,2575168,-5.995
771100,2575172,-5.406
771100,2575172,-5.405
771096.7,2575176,-4.746
771096,2575176.9,-4.588
771093.4,2575180,-4.047
771092,2575181.8,-3.722
771090.2,2575184,-3.3
771088,2575186.6,-2.882
771086.9,2575188,-2.701
771084,2575191.5,-2.228
771083.6,2575192,-2.16
771080.3,2575196,-1.656
771080,2575196.4,-1.614
771077,2575200,-1.256
771076,2575201.2,-1.151
771073.7,2575204,-0.951
771072,2575206.1,-0.82
771070.5,2575208,-0.693
771068,2575211,-0.548
771067.2,2575212,-0.499
771064,2575215.9,-0.303
771063.9,2575216,-0.294
771060.6,2575220,-0.035
771060,2575220.7,-0.006
771057.3,2575224,0.181
771056.6,2575224.9,0.257
771208.4,2575008,5.941
771208,2575008.5,6.164
771205.4,2575012,6.61
771204,2575013.9,6.699
771202.5,2575016,4.953
771200,2575019.4,4.063
771199.5,2575020,2.561
771196.6,2575024,0.469
771196,2575024.8,0.127
771193.6,2575028,-2.613
771192,2575030.2,-4.505
771190.7,2575032,-4.55
771188,2575035.6,-5.757
771187.7,2575036,-6.174
771184.8,2575040,-7.061
771168,2575062.7,-8.084
771167.1,2575064,-8.471
771164.1,2575068,-9.702
771164,2575068.2,-9.765
771161.2,2575072,-11.172
771160,2575073.6,-11.749
771158.2,2575076,-12.597
771156,2575079,-13.681
771155.3,2575080,-14
771152.3,2575084,-15.231
771152,2575084.4,-15.357
771149.4,2575088,-16.231
771148,2575089.9,-16.539
771146.4,2575092,-16.832
771144,2575095.3,-17.052
771143.5,2575096,-17.061
771140.5,2575100,-16.618
771140,2575100.7,-16.547
771137.6,2575104,-16.038
771136,2575106.1,-15.706
771134.6,2575108,-15.446
771132,2575111.6,-14.782
771131.7,2575112,-14.702
771128.7,2575116,-13.819
771128,2575117,-13.534
771125.8,2575120,-12.748
771124,2575122.4,-11.996
771122.8,2575124,-11.488
771120,2575127.8,-10.446
771119.9,2575128,-10.411
771116.9,2575132,-9.561
771116,2575133.3,-9.32
771114,2575136,-8.792
771112,2575138.7,-8.36
771111,2575140,-8.119
771108.1,2575144,-7.406
771108,2575144.1,-7.386
771105.1,2575148,-6.65
771104,2575149.5,-6.476
771102.2,2575152,-6.237
771100,2575155,-5.998
771099.2,2575156,-5.845
771096.3,2575160,-5.404
771096,2575160.4,-5.359
771093.3,2575164,-4.931
771092,2575165.8,-4.713
771090.4,2575168,-4.464
771088,2575171.2,-4.056
771087.4,2575172,-3.961
771084.5,2575176,-3.431
771084,2575176.6,-3.338
771081.5,2575180,-2.944
771080,2575182.1,-2.756
771078.6,2575184,-2.572
771076,2575187.5,-2.117
771075.6,2575188,-2.054
771072.7,2575192,-1.541
771072,2575192.9,-1.461
771069.7,2575196,-1.282
771068,2575198.3,-1.104
771066.8,2575200,-0.97
771064,2575203.8,-0.706
771063.8,2575204,-0.692
771060.9,2575208,-0.464
771060,2575209.2,-0.402
771057.9,2575212,-0.241
771056,2575214.6,-0.064
771055,2575216,0.005
771052.7,2575219,0.158
771192.7,2574997,7.303
771192,2574998.1,7.421
771190.7,2575000,6.927
771188,2575004,5.95
771188,2575004.1,5.958
771185.4,2575008,4.657
771184,2575010,4.081
771182.7,2575012,2.681
771180,2575016,2.016
771180,2575016,1.444
771177.3,2575020,0.901
771176,2575022,-0.434
771174.7,2575024,-1.031
771172,2575028,-2.062
771172,2575028,-2.067
771169.3,2575032,-2.812
771168,2575034,-3.249
771166.6,2575036,-3.631
771164,2575039.9,-4.227
771164,2575040,-4.235
771161.3,2575044,-4.903
771160,2575045.9,-5.249
771158.6,2575048,-5.599
771156,2575051.9,-6.619
771155.9,2575052,-6.672
771153.2,2575056,-8.338
771152,2575057.9,-8.815
771150.6,2575060,-8.936
771148,2575063.8,-9.861
771147.9,2575064,-9.943
771145.2,2575068,-11.296
771144,2575069.8,-11.745
771142.5,2575072,-12.173
771140,2575075.8,-13.056
771139.9,2575076,-13.102
771137.2,2575080,-14.049
771136,2575081.8,-14.411
771134.5,2575084,-14.938
771132,2575087.7,-15.329
771131.8,2575088,-15.354
771129.2,2575092,-15.401
771128,2575093.7,-15.271
771126.5,2575096,-15.091
771124,2575099.7,-14.64
771123.8,2575100,-14.605
771121.1,2575104,-14.002
771120,2575105.7,-13.706
771118.4,2575108,-13.3
771116,2575111.7,-12.517
771115.8,2575112,-12.449
771113.1,2575116,-11.777
771112,2575117.6,-11.507
771110.4,2575120,-11.163
771108,2575123.6,-10.564
771107.7,2575124,-10.5
771105.1,2575128,-9.787
771104,2575129.6,-9.448
771102.4,2575132,-8.97
771100,2575135.6,-8.272
771099.7,2575136,-8.177
771097,2575140,-7.372
771096,2575141.5,-7.091
771094.4,2575144,-6.603
771092,2575147.5,-6.058
771091.7,2575148,-5.977
771089,2575152,-5.335
771088,2575153.5,-5.093
771086.3,2575156,-4.734
771084,2575159.5,-4.351
771083.6,2575160,-4.282
771081,2575164,-3.787
771080,2575165.4,-3.637
771078.3,2575168,-3.366
771076,2575171.4,-3
771075.6,2575172,-2.943
771072.9,2575176,-2.515
771072,2575177.4,-2.372
771070.3,2575180,-2.096
771068,2575183.4,-1.764
771067.6,2575184,-1.71
771064.9,2575188,-1.399
771064,2575189.3,-1.313
771062.2,2575192,-1.111
771060,2575195.3,-0.851
771059.5,2575196,-0.814
771056.9,2575200,-0.702
771056,2575201.3,-0.63
771054.2,2575204,-0.477
771052,2575207.3,-0.266
771051.5,2575208,-0.214
771048.8,2575212,-0.057
771048,2575213.3,0.02
771047.3,2575214.4,0.086
771175.4,2574986,6.071
771174.2,2574988,6.094
771172,2574991.6,6.019
771171.7,2574992,6.118
771169.3,2574996,6.119
771168,2574998.1,4.565
771166.8,2575000,3.462
771164.4,2575004,2.254
771164,2575004.6,1.447
771161.9,2575008,0.581
771160,2575011.2,0.379
771159.5,2575012,0.064
771157,2575016,-0.867
771156,2575017.7,-1.215
771154.6,2575020,-1.715
771152.1,2575024,-1.742
771152,2575024.2,-1.762
771149.7,2575028,-3.45
771148,2575030.8,-3.102
771147.3,2575032,-3.293
771144.8,2575036,-4.44
771144,2575037.3,-5.592
771142.4,2575040,-7.515
771140,2575043.9,-9.573
771139.9,2575044,-9.613
771137.5,2575048,-11.069
771136,2575050.4,-11.547
771135,2575052,-11.686
771132.6,2575056,-12.434
771132,2575056.9,-12.556
771130.1,2575060,-12.899
771128,2575063.5,-13.142
771127.7,2575064,-13.186
771125.2,2575068,-13.549
771124,2575070,-13.843
771122.8,2575072,-14.057
771120.3,2575076,-14.818
771120,2575076.5,-14.889
771117.9,2575080,-15.075
771116,2575083.1,-14.825
771115.4,2575084,-14.784
771113,2575088,-14.839
771112,2575089.6,-14.75
771110.5,2575092,-14.615
771108.1,2575096,-14.242
771108,2575096.2,-14.222
771105.6,2575100,-13.725
771104,2575102.7,-13.333
771103.2,2575104,-13.153
771100.8,2575108,-12.547
771100,2575109.2,-12.352
771098.3,2575112,-11.888
771096,2575115.8,-11.217
771095.9,2575116,-11.175
771093.4,2575120,-10.405
771092,2575122.3,-9.929
771091,2575124,-9.539
771088.5,2575128,-8.543
771088,2575128.8,-8.357
771086.1,2575132,-7.643
771084,2575135.4,-7.01
771083.6,2575136,-6.897
771081.2,2575140,-6.164
771080,2575141.9,-5.887
771078.7,2575144,-5.558
771076.3,2575148,-4.922
771076,2575148.5,-4.848
771073.8,2575152,-4.255
771072,2575155,-3.849
771071.4,2575156,-3.721
771068.9,2575160,-3.284
771068,2575161.5,-3.117
771066.5,2575164,-2.852
771064,2575168,-2.383
771064,2575168.1,-2.375
771061.6,2575172,-1.942
771060,2575174.6,-1.667
771059.1,2575176,-1.555
771056.7,2575180,-1.378
771056,2575181.1,-1.298
771054.2,2575184,-1.104
771052,2575187.7,-0.881
771051.8,2575188,-0.866
771049.4,2575192,-0.684
771048,2575194.2,-0.584
771046.9,2575196,-0.464
771044.5,2575200,-0.233
771044,2575200.8,-0.191
771042,2575204,-0.047
771040.1,2575207.2,0.166
771159.3,2574981.8,6.506
771158,2574984,6.461
771156,2574987.5,5.873
771155.7,2574988,5.896
771153.3,2574992,5.821
771152,2574994.3,5.92
771151,2574996,5.921
771148.7,2575000,4.367
771148,2575001.1,3.264
771146.3,2575004,2.056
771144,2575008,1.249
771144,2575008,0.383
771141.7,2575012,-2.051
771140,2575014.8,-2.811
771139.3,2575016,-2.919
771137,2575020,-4.344
771136,2575021.7,-5.085
771134.6,2575024,-6.046
771132.3,2575028,-7.105
771132,2575028.5,-7.146
771130,2575032,-7.163
771128,2575035.4,-7.648
771127.6,2575036,-7.823
771125.3,2575040,-8.869
771124,2575042.2,-9.43
771122.9,2575044,-9.851
771120.6,2575048,-10.854
771120,2575049,-11.065
771118.3,2575052,-11.679
771116,2575055.9,-12.462
771115.9,2575056,-12.486
771113.6,2575060,-13.161
771112,2575062.7,-13.404
771111.3,2575064,-13.552
771108.9,2575068,-13.948
771108,2575069.6,-14.057
771106.6,2575072,-14.261
771104.2,2575076,-14.588
771104,2575076.4,-14.591
771101.9,2575080,-14.491
771100,2575083.3,-14.429
771099.6,2575084,-14.406
771097.2,2575088,-14.069
771096,2575090.1,-13.897
771094.9,2575092,-13.715
771092.5,2575096,-13.39
771092,2575096.9,-13.31
771090.2,2575100,-13.054
771088,2575103.8,-12.529
771087.9,2575104,-12.501
771085.5,2575108,-11.946
771084,2575110.6,-11.458
771083.2,2575112,-11.222
771080.9,2575116,-10.435
771080,2575117.5,-10.099
771078.5,2575120,-9.514
771076.2,2575124,-8.575
771076,2575124.3,-8.5
771073.8,2575128,-7.611
771072,2575131.1,-6.816
771071.5,2575132,-6.606
771069.2,2575136,-5.678
771068,2575138,-5.272
771066.8,2575140,-4.859
771064.5,2575144,-4.363
771064,2575144.8,-4.247
771062.1,2575148,-3.823
771060,2575151.7,-3.39
771059.8,2575152,-3.351
771057.5,2575156,-2.948
771056,2575158.5,-2.674
771055.1,2575160,-2.504
771052.8,2575164,-2.005
771052,2575165.4,-1.894
771050.5,2575168,-1.719
771048.1,2575172,-1.423
771048,2575172.2,-1.41
771045.8,2575176,-1.192
771044,2575179,-1.021
771043.4,2575180,-0.969
771041.1,2575184,-0.766
771040,2575185.9,-0.673
771038.8,2575188,-0.565
771036.4,2575192,-0.267
771036,2575192.7,-0.225
771034.1,2575196,-0.075
771032,2575199.6,0.047
771031.7,2575200,0.061
771030.8,2575201.7,0.107
771140.7,2574977.2,6.393
771140,2574978.4,6.334
771139.1,2574980,6.253
771136.9,2574984,6.053
771136,2574985.7,6.066
771134.7,2574988,6.112
771132.5,2574992,4.649
771132,2574993,3.767
771130.3,2574996,2.799
771128.1,2575000,2.42
771128,2575000.3,1.654
771125.9,2575004,0.102
771124,2575007.5,-0.42
771123.7,2575008,-0.642
771121.5,2575012,-2.232
771120,2575014.8,-3.663
771119.3,2575016,-4.288
771117.2,2575020,-5.084
771116,2575022.1,-5.394
771115,2575024,-5.663
771112.8,2575028,-6.577
771112,2575029.4,-6.801
771110.6,2575032,-7.347
771108.4,2575036,-8.232
771108,2575036.6,-8.423
771106.2,2575040,-9.152
771104,2575043.9,-10.171
771104,2575044,-10.193
771101.8,2575048,-11.414
771100,2575051.2,-12.126
771099.6,2575052,-12.299
771097.4,2575056,-13.002
771096,2575058.5,-13.411
771095.2,2575060,-13.724
771093,2575064,-14.359
771092,2575065.8,-14.527
771090.8,2575068,-14.826
771088.6,2575072,-15.03
771088,2575073,-15.018
771086.4,2575076,-14.948
771084.2,2575080,-14.451
771084,2575080.3,-14.404
771082,2575084,-13.814
771080,2575087.6,-13.219
771079.8,2575088,-13.145
771077.6,2575092,-12.465
771076,2575094.9,-11.997
771075.4,2575096,-11.792
771073.2,2575100,-11.177
771072,2575102.1,-10.848
771071,2575104,-10.537
771068.8,2575108,-9.892
771068,2575109.4,-9.731
771066.6,2575112,-9.447
771064.4,2575116,-8.947
771064,2575116.7,-8.845
771062.2,2575120,-8.372
771060,2575124,-7.714
771060,2575124,-7.709
771057.8,2575128,-7.038
771056,2575131.2,-6.349
771055.6,2575132,-6.2
771053.4,2575136,-5.314
771052,2575138.5,-4.746
771051.2,2575140,-4.418
771049,2575144,-3.55
771048,2575145.8,-3.211
771046.8,2575148,-2.798
771044.6,2575152,-2.33
771044,2575153.1,-2.232
771042.4,2575156,-1.994
771040.2,2575160,-1.614
771040,2575160.3,-1.586
771038,2575164,-1.285
771036,2575167.6,-1.078
771035.8,2575168,-1.066
771033.6,2575172,-0.957
771032,2575174.9,-0.814
771031.4,2575176,-0.763
771029.2,2575180,-0.57
771028,2575182.2,-0.417
771027,2575184,-0.295
771024.8,2575188,-0.116
771024,2575189.5,-0.036
771022.6,2575192,0.061
771021.5,2575194.1,0.097
771121.7,2574974.6,6.484
771120.9,2574976,6.302
771120,2574977.8,6.379
771118.8,2574980,6.328
771116.7,2574984,6.243
771116,2574985.4,6.095
771114.6,2574988,6.398
771112.5,2574992,4.772
771112,2574993,3.173
771110.4,2574996,2.089
771108.3,2575000,1.432
771108,2575000.6,1.183
771106.2,2575004,0.294
771104.1,2575008,-1.453
771104,2575008.2,-1.558
771102,2575012,-2.751
771100,2575015.8,-3.59
771099.9,2575016,-3.649
771097.8,2575020,-4.781
771096,2575023.4,-6.009
771095.7,2575024,-6.199
771093.6,2575028,-6.804
771092,2575031,-6.669
771091.5,2575032,-6.681
771089.4,2575036,-7.229
771088,2575038.6,-8.547
771087.3,2575040,-9.259
771085.2,2575044,-11.641
771084,2575046.2,-12.58
771083.1,2575048,-13.263
771081,2575052,-14.583
771080,2575053.8,-15.155
771078.9,2575056,-15.862
771076.8,2575060,-16.578
771076,2575061.5,-16.671
771074.7,2575064,-16.641
771072.6,2575068,-16.308
771072,2575069.1,-16.153
771070.5,2575072,-15.702
771068.3,2575076,-15.2
771068,2575076.7,-15.084
771066.2,2575080,-14.4
771064.1,2575084,-13.599
771064,2575084.3,-13.544
771062,2575088,-12.758
771060,2575091.9,-11.865
771059.9,2575092,-11.833
771057.8,2575096,-10.835
771056,2575099.5,-10.031
771055.7,2575100,-9.919
771053.6,2575104,-9.174
771052,2575107.1,-8.696
771051.5,2575108,-8.541
771049.4,2575112,-7.813
771048,2575114.7,-7.34
771047.3,2575116,-7.138
771045.2,2575120,-6.728
771044,2575122.3,-6.442
771043.1,2575124,-6.218
771041,2575128,-5.634
771040,2575129.9,-5.33
771038.9,2575132,-4.986
771036.8,2575136,-4.33
771036,2575137.5,-4.112
771034.7,2575140,-3.715
771032.6,2575144,-3.023
771032,2575145.1,-2.841
771030.5,2575148,-2.394
771028.4,2575152,-1.901
771028,2575152.7,-1.834
771026.3,2575156,-1.539
771024.2,2575160,-1.303
771024,2575160.3,-1.285
771022.1,2575164,-1.064
771020,2575167.9,-0.828
771020,2575168,-0.823
771017.9,2575172,-0.608
771016,2575175.5,-0.378
771015.7,2575176,-0.348
771013.6,2575180,-0.138
771012,2575183.1,-0.002
771011.5,2575184,0.045
771010.5,2575186,0.104
771096.7,2574981.8,6.892
771096,2574983.2,6.335
771095.6,2574984,6.346
771093.5,2574988,6.365
771092,2574990.8,5.266
771091.3,2574992,4.715
771089.2,2574996,4.128
771088,2574998.3,2.675
771087.1,2575000,1.824
771085,2575004,1.316
771084,2575005.9,0.01
771082.9,2575008,-0.7
771080.8,2575012,-2.652
771080,2575013.5,-3.27
771078.7,2575016,-4.057
771076.6,2575020,-5.959
771076,2575021,-6.367
771074.4,2575024,-7.415
771072.3,2575028,-8.123
771072,2575028.6,-8.325
771070.2,2575032,-9.613
771068.1,2575036,-11.006
771068,2575036.2,-11.08
771066,2575040,-12.588
771064,2575043.8,-13.916
771063.9,2575044,-14.006
771061.8,2575048,-15.026
771060,2575051.3,-15.455
771059.6,2575052,-15.554
771057.5,2575056,-15.87
771056,2575058.9,-15.807
771055.4,2575060,-15.78
771053.3,2575064,-15.389
771052,2575066.5,-14.96
771051.2,2575068,-14.703
771049.1,2575072,-13.88
771048,2575074,-13.403
771047,2575076,-12.956
771044.9,2575080,-12.146
771044,2575081.6,-11.862
771042.7,2575084,-11.46
771040.6,2575088,-10.724
771040,2575089.2,-10.514
771038.5,2575092,-10.002
771036.4,2575096,-9.43
771036,2575096.8,-9.312
771034.3,2575100,-8.805
771032.2,2575104,-8.177
771032,2575104.3,-8.122
771030.1,2575108,-7.542
771028,2575111.9,-7.05
771028,2575112,-7.038
771025.8,2575116,-6.594
771024,2575119.5,-6.142
771023.7,2575120,-6.071
771021.6,2575124,-5.397
771020,2575127.1,-4.871
771019.5,2575128,-4.703
771017.4,2575132,-3.854
771016,2575134.6,-3.358
771015.3,2575136,-3.103
771013.2,2575140,-2.551
771012,2575142.2,-2.341
771011,2575144,-2.17
771008.9,2575148,-1.797
771008,2575149.8,-1.723
771006.8,2575152,-1.632
771004.7,2575156,-1.478
771004,2575157.3,-1.403
771002.6,2575160,-1.32
771000.5,2575164,-1.099
771000,2575164.9,-1.043
770998.4,2575168,-0.801
770996.3,2575172,-0.25
770996,2575172.5,-0.23
770994.1,2575176,-0.017
770994,2575176.3,0
771076,2574986,6.385
771076,2574986,7.154
771075,2574988,7.14
771072.8,2574992,3.255
771072,2574993.6,2.036
771070.7,2574996,1.357
771068.6,2575000,0.45
771068,2575001.1,-3.289
771066.4,2575004,-3.323
771064.3,2575008,-5.437
771064,2575008.6,-7.241
771062.2,2575012,-7.447
771060,2575016,-9.284
771060,2575016.1,-10.781
771057.9,2575020,-11.189
771049.4,2575036,-12.765
771048,2575038.6,-13.554
771047.3,2575040,-14.072
771045.1,2575044,-15.135
771044,2575046.1,-16.063
771043,2575048,-16.624
771040.9,2575052,-16.64
771040,2575053.6,-16.59
771038.7,2575056,-16.504
771036.6,2575060,-15.922
771036,2575061.1,-15.682
771034.5,2575064,-14.949
771032.3,2575068,-14.062
771032,2575068.6,-13.928
771030.2,2575072,-13.204
771028.1,2575076,-12.294
771028,2575076.1,-12.269
771025.9,2575080,-11.557
771024,2575083.6,-10.914
771023.8,2575084,-10.851
771021.7,2575088,-10.101
771020,2575091.1,-9.466
771019.5,2575092,-9.287
771017.4,2575096,-8.501
771016,2575098.6,-7.991
771015.3,2575100,-7.736
771013.1,2575104,-7.047
771012,2575106.2,-6.672
771011,2575108,-6.354
771008.9,2575112,-5.715
771008,2575113.7,-5.483
771006.8,2575116,-5.137
771004.6,2575120,-4.541
771004,2575121.2,-4.365
771002.5,2575124,-3.967
771000.4,2575128,-3.458
771000,2575128.7,-3.386
770998.2,2575132,-3.061
770996.1,2575136,-2.89
770996,2575136.2,-2.889
770994,2575140,-3.041
770992,2575143.7,-2.958
770991.8,2575144,-2.95
770989.7,2575148,-2.77
770988,2575151.2,-2.677
770987.6,2575152,-2.635
770985.4,2575156,-2.413
770984,2575158.7,-2.217
770983.3,2575160,-2.133
770981.2,2575164,-1.981
770980,2575166.2,-1.881
770979,2575168,-1.828
770976.9,2575172,-1.679
770976.6,2575172.5,-1.668
771057,2574978.9,6.262
771056.4,2574980,6.25
771056,2574980.7,7.079
771054.2,2574984,7.005
771052.1,2574988,7.048
771052,2574988.2,5.404
771050,2574992,4.876
771048,2574995.8,3.947
771047.9,2574996,2.402
771045.8,2575000,1.57
771044,2575003.3,1.297
771043.6,2575004,0.302
771041.5,2575008,-1.876
771040,2575010.8,-2.245
771039.4,2575012,-2.33
771037.3,2575016,-4.115
771036,2575018.4,-6.17
771035.1,2575020,-7.83
771033,2575024,-11.474
771032,2575025.9,-12.695
771030.9,2575028,-13.871
771028.8,2575032,-14.866
771028,2575033.4,-15.033
771026.6,2575036,-14.946
771024.5,2575040,-15.402
771024,2575041,-15.411
771022.4,2575044,-15.241
771020.3,2575048,-15.053
771020,2575048.5,-14.999
771018.2,2575052,-14.61
771016,2575056,-14.06
771016,2575056.1,-14.05
771013.9,2575060,-13.357
771012,2575063.6,-12.636
771011.8,2575064,-12.552
771009.7,2575068,-11.868
771008,2575071.1,-11.368
771007.5,2575072,-11.238
771005.4,2575076,-10.557
771004,2575078.7,-10.072
771003.3,2575080,-9.827
771001.2,2575084,-9.11
771000,2575086.2,-8.734
770999,2575088,-8.44
770996.9,2575092,-7.821
770996,2575093.7,-7.539
770994.8,2575096,-7.176
770992.7,2575100,-6.519
770992,2575101.3,-6.329
770990.6,2575104,-5.932
770988.4,2575108,-5.422
770988,2575108.8,-5.344
770986.3,2575112,-5.13
770984.2,2575116,-4.953
770984,2575116.3,-4.933
770982.1,2575120,-4.961
770980,2575123.9,-5.294
770979.9,2575124,-5.295
770977.8,2575128,-5.075
770976,2575131.4,-4.827
770975.7,2575132,-4.782
770973.6,2575136,-4.495
770972,2575139,-4.285
770971.4,2575140,-4.201
770969.3,2575144,-3.884
770968,2575146.5,-3.672
770967.2,2575148,-3.539
770965.1,2575152,-3.281
770964,2575154,-3.198
770963,2575156,-3.135
770960.8,2575160,-2.984
770960,2575161.6,-2.909
770958.7,2575164,-2.781
770958.5,2575164.5,-2.762
771038.8,2574973.1,6.21
771037.2,2574976,6.373
771036,2574978.2,7.109
771035,2574980,7.088
771032.8,2574984,7.027
771032,2574985.5,6.706
771030.6,2574988,3.305
771028.5,2574992,2.071
771028,2574992.8,1.417
771026.3,2574996,0.562
771024.1,2575000,-3.401
771024,2575000.2,-3.447
771021.9,2575004,-4.587
771020,2575007.5,-8.291
771019.7,2575008,-8.748
771017.6,2575012,-9.048
771016,2575014.9,-10.022
771015.4,2575016,-10.317
771013.2,2575020,-11.128
771012,2575022.2,-11.584
771011,2575024,-12.01
771008.8,2575028,-13.075
771008,2575029.5,-13.35
771006.7,2575032,-13.646
771004.5,2575036,-13.974
771004,2575036.9,-13.994
771002.3,2575040,-14.001
771000.1,2575044,-13.674
771000,2575044.2,-13.652
770997.9,2575048,-13.234
770996,2575051.5,-12.771
770995.8,2575052,-12.714
770993.6,2575056,-12.179
770992,2575058.9,-11.749
770991.4,2575060,-11.585
770989.2,2575064,-10.992
770988,2575066.2,-10.657
770987,2575068,-10.407
770984.9,2575072,-9.839
770984,2575073.6,-9.614
770982.7,2575076,-9.288
770980.5,2575080,-8.721
770980,2575080.9,-8.599
770978.3,2575084,-8.22
770976.1,2575088,-7.745
770976,2575088.2,-7.718
770973.9,2575092,-7.301
770972,2575095.6,-6.948
770971.8,2575096,-6.909
770969.6,2575100,-6.66
770968,2575102.9,-6.601
770967.4,2575104,-6.571
770965.2,2575108,-6.431
770964,2575110.3,-6.318
770963,2575112,-6.192
770960.9,2575116,-5.809
770960,2575117.6,-5.64
770958.7,2575120,-5.382
770956.5,2575124,-4.895
770956,2575124.9,-4.793
770954.3,2575128,-4.477
770952.1,2575132,-4.139
770952,2575132.3,-4.124
770950,2575136,-3.902
770948,2575139.6,-3.671
770947.8,2575140,-3.645
770945.6,2575144,-3.318
770944,2575146.9,-3.115
770943.4,2575148,-3.056
770941.2,2575152,-2.86
770940,2575154.3,-2.75
770939.5,2575155.2,-2.705
771021.1,2574963.5,5.271
771020.9,2574964,6.332
771020,2574965.7,6.491
771018.8,2574968,6.817
771016.7,2574972,7.119
771016,2574973.3,4.661
771014.6,2574976,3.513
771012.5,2574980,1.45
771012,2574980.9,0.312
771010.4,2574984,0.083
771008.3,2574988,-1.201
771008,2574988.5,-1.356
771006.2,2574992,-2.305
771004.1,2574996,-3.857
771004,2574996.2,-3.974
771002,2575000,-6.638
771000,2575003.8,-9.448
770999.9,2575004,-9.594
770997.8,2575008,-11.526
770996,2575011.4,-11.489
770995.7,2575012,-11.434
770993.6,2575016,-12.394
770992,2575019,-13.33
770991.5,2575020,-13.665
770989.4,2575024,-13.92
770988,2575026.6,-13.788
770987.3,2575028,-13.746
770985.2,2575032,-13.571
770984,2575034.3,-13.432
770983.1,2575036,-13.32
770981,2575040,-12.967
770980,2575041.9,-12.78
770978.9,2575044,-12.529
770976.8,2575048,-12.021
770976,2575049.5,-11.859
770974.7,2575052,-11.599
770972.6,2575056,-11.205
770972,2575057.1,-11.092
770970.5,2575060,-10.817
770968.4,2575064,-10.399
770968,2575064.7,-10.324
770966.3,2575068,-10.013
770964.2,2575072,-9.6
770964,2575072.4,-9.566
770962.1,2575076,-9.223
770960,2575080,-8.879
770960,2575080,-8.878
770957.9,2575084,-8.69
770956,2575087.6,-8.543
770955.8,2575088,-8.532
770953.7,2575092,-8.332
770952,2575095.2,-8.095
770951.6,2575096,-8.018
770949.5,2575100,-7.589
770948,2575102.8,-7.281
770947.4,2575104,-7.142
770945.3,2575108,-6.715
770944,2575110.5,-6.322
770943.2,2575112,-6.013
770941.1,2575116,-5.272
770940,2575118.1,-4.996
770939,2575120,-4.784
770936.9,2575124,-4.546
770936,2575125.7,-4.442
770934.8,2575128,-4.287
770932.7,2575132,-3.976
770932,2575133.3,-3.868
770930.6,2575136,-3.655
770928.5,2575140,-3.472
770928,2575140.9,-3.429
770926.4,2575144,-3.222
770924.3,2575148,-2.963
771002.7,2574953.9,6.714
771001.6,2574956,5.042
771000,2574959,3.754
770999.5,2574960,3.88
770997.3,2574964,3.964
770996,2574966.4,3.908
770995.2,2574968,3.757
770993,2574972,2.483
770992,2574973.9,1.401
770990.9,2574976,-0.424
770988.7,2574980,-2.781
770988,2574981.3,-3.862
770986.6,2574984,-3.994
770984.4,2574988,-4.737
770980.1,2574996,-7.299
770980,2574996.2,-7.38
770978,2575000,-8.778
770976,2575003.7,-10.118
770975.8,2575004,-10.22
770973.7,2575008,-11.173
770972,2575011.1,-11.711
770971.5,2575012,-11.836
770969.4,2575016,-12.538
770968,2575018.6,-12.507
770967.2,2575020,-12.481
770965.1,2575024,-12.358
770964,2575026,-12.243
770962.9,2575028,-12.13
770960.8,2575032,-11.858
770960,2575033.5,-11.752
770958.6,2575036,-11.602
770956.5,2575040,-11.315
770956,2575040.9,-11.243
770954.3,2575044,-11.014
770952.2,2575048,-10.689
770952,2575048.4,-10.664
770950,2575052,-10.442
770948,2575055.8,-10.258
770947.9,2575056,-10.251
770945.7,2575060,-10.104
770944,2575063.2,-9.975
770943.6,2575064,-9.955
770941.4,2575068,-9.927
770940,2575070.7,-9.834
770939.3,2575072,-9.764
770937.2,2575076,-9.405
770936,2575078.1,-9.136
770935,2575080,-8.906
770932.9,2575084,-8.374
770932,2575085.6,-8.153
770930.7,2575088,-7.818
770928.6,2575092,-7.373
770928,2575093,-7.231
770926.4,2575096,-6.806
770924.3,2575100,-6.243
770924,2575100.5,-6.182
770922.1,2575104,-5.77
770920,2575107.9,-5.39
770920,2575108,-5.382
770917.8,2575112,-4.949
770916,2575115.4,-4.729
770915.7,2575116,-4.682
770913.5,2575120,-4.383
770912,2575122.8,-4.172
770911.4,2575124,-4.075
770909.2,2575128,-3.668
770908,2575130.3,-3.48
770907.1,2575132,-3.371
770904.9,2575136,-3.211
770904,2575137.7,-3.122
770902.8,2575140,-3.001
770901.5,2575142.4,-3.01
770986.3,2574943.5,6.033
770986,2574944,6.055
770984,2574947.5,5.876
770983.7,2574948,3.903
770981.3,2574952,3.772
770980,2574954.3,2.077
770979,2574956,1.306
770976.6,2574960,0.417
770976,2574961.1,-0.665
770974.3,2574964,-0.728
770972,2574967.9,-2.034
770971.9,2574968,-2.303
770969.6,2574972,-2.542
770968,2574974.7,-5.677
770964,2574981.5,-6.968
770962.5,2574984,-9.53
770960.2,2574988,-12.145
770960,2574988.3,-12.236
770957.8,2574992,-12.168
770956,2574995.1,-11.964
770955.5,2574996,-11.881
770953.1,2575000,-11.739
770952,2575001.9,-11.729
770950.8,2575004,-11.732
770948.4,2575008,-11.681
770948,2575008.7,-11.663
770946.1,2575012,-11.56
770944,2575015.5,-11.431
770943.7,2575016,-11.411
770941.3,2575020,-11.253
770940,2575022.3,-11.163
770939,2575024,-11.093
770936.6,2575028,-10.915
770936,2575029.1,-10.863
770934.3,2575032,-10.72
770932,2575035.9,-10.522
770931.9,2575036,-10.517
770929.6,2575040,-10.33
770928,2575042.7,-10.216
770927.2,2575044,-10.165
770924.9,2575048,-10.025
770924,2575049.5,-9.982
770922.5,2575052,-9.913
770920.2,2575056,-9.834
770920,2575056.3,-9.829
770917.8,2575060,-9.794
770916,2575063.1,-9.763
770915.5,2575064,-9.762
770913.1,2575068,-9.689
770912,2575069.9,-9.587
770910.8,2575072,-9.453
770908.4,2575076,-9.166
770908,2575076.7,-8.987
770906.1,2575080,-8.137
770904,2575083.5,-8.043
770903.7,2575084,-8.01
770901.4,2575088,-7.47
770900,2575090.3,-7.188
770899,2575092,-6.995
770896.7,2575096,-6.475
770896,2575097.1,-6.303
770894.3,2575100,-5.931
770892,2575103.9,-5.429
770892,2575104,-5.42
770889.6,2575108,-5.007
770888,2575110.7,-4.686
770887.3,2575112,-4.532
770884.9,2575116,-4.17
770884,2575117.5,-4.044
770882.5,2575120,-3.842
770880.2,2575124,-3.655
770880,2575124.3,-3.638
770877.8,2575128,-3.457
770876.7,2575130,-3.422
770969.5,2574933.5,5.892
770968,2574936,5.914
770968,2574936.1,5.735
770965.7,2574940,3.762
770964,2574942.8,3.631
770963.3,2574944,1.936
770960.9,2574948,1.165
770960,2574949.5,0.276
770958.5,2574952,-0.872
770956.1,2574956,-0.978
770956,2574956.2,-2.762
770953.8,2574960,-4.132
770952,2574963,-4.567
770951.4,2574964,-5.685
770949,2574968,-7.118
770948,2574969.7,-9.083
770944.3,2574976,-10.163
770944,2574976.4,-10.216
770941.9,2574980,-10.739
770940,2574983.2,-11.216
770939.5,2574984,-11.282
770937.1,2574988,-11.274
770936,2574989.9,-11.368
770934.7,2574992,-11.404
770932.4,2574996,-11.448
770932,2574996.6,-11.432
770930,2575000,-11.366
770928,2575003.4,-11.257
770927.6,2575004,-11.234
770925.2,2575008,-11.09
770924,2575010.1,-11.019
770922.9,2575012,-10.959
770920.5,2575016,-10.805
770920,2575016.8,-10.764
770918.1,2575020,-10.602
770916,2575023.5,-10.366
770915.7,2575024,-10.337
770913.4,2575028,-10.085
770912,2575030.3,-9.985
770911,2575032,-9.943
770908.6,2575036,-9.886
770908,2575037,-9.89
770906.2,2575040,-9.836
770904,2575043.7,-9.762
770903.8,2575044,-9.755
770901.5,2575048,-9.655
770900,2575050.5,-9.61
770899.1,2575052,-9.645
770896.7,2575056,-9.682
770896,2575057.2,-9.658
770894.3,2575060,-9.509
770892,2575063.9,-9.303
770892,2575064,-9.298
770889.6,2575068,-9.048
770888,2575070.7,-8.809
770887.2,2575072,-8.691
770884.8,2575076,-8.359
770884,2575077.4,-8.234
770882.4,2575080,-8.004
770880.1,2575084,-7.539
770880,2575084.1,-7.528
770877.7,2575088,-7.155
770876,2575090.8,-6.894
770875.3,2575092,-6.791
770872.9,2575096,-6.308
770872,2575097.6,-6.136
770870.6,2575100,-5.869
770868.2,2575104,-5.418
770868,2575104.3,-5.392
770865.8,2575108,-5.08
770864,2575111,-4.65
770863.4,2575112,-4.514
770861,2575116,-4.187
770860,2575117.8,-4.039
770859.9,2575118,-4.022
